,ns,ni,nr,cs,ci,cr,transfer,T,S,I,R,D,tau,Ur,Ui,Us,mus,lami,P,lams,R1,R2,R3,C,N,Neff,walras,pid,pr_treat,pr_vacc,mortality,ctax,kappa,pir,beta,pidbar,theta,A,eps,pi1,pi2,pi3
0,0.16626662805401307,0.16666666666666666,0.16666666666666666,6.61741179654972,5.306666666666667,6.633333333333333,0.0,0.0005714784487843602,0.999,0.001,0.0,0.0,0.0005720504992836438,1773.5154973514216,1755.2666556861293,1768.7195396035754,13.080604852005735,0.1884422110552764,1.0,0.15079717712957882,0.0,0.0,-4.6851411639181606e-14,6.616101051419837,0.16626702809262572,0.1662336947592924,0.0,0.003888888888888889,0.0,0.019230769230769232,0.010101010101010102,0.0,0.0,0.385,0.9992152697058329,0.003888888888888889,36,39.8,0.001,0.0046,7.3983,0.2055
1,0.16619777487155782,0.16666666666666666,0.16666666666666666,6.614671439888001,5.306666666666667,6.633333333333333,0.0,0.00067525861438951,0.9984285215512156,0.0011825895598954713,0.00038500000000000003,3.88888888888889e-06,0.0006763214389552792,1773.515120950933,1755.2813643008024,1768.6289258367772,12.967449522153291,0.1884422110552764,0.9999961111111111,0.15080474691624668,0.0,0.0,-5.2513549064769904e-14,6.613106068205607,0.1661978635767605,0.166158443924764,0.0,0.003888888888888889,0.0,0.019230769230769232,0.010101010101010102,0.0,0.0,0.385,0.9992152697058329,0.003888888888888889,36,39.8,0.001,0.0046,7.3983,0.2055
2,0.16611802651176413,0.16666666666666666,0.16666666666666666,6.611497455168212,5.306666666666667,6.633333333333333,0.0,0.0007974456108326645,0.9977532629368261,0.0013979522343256312,0.0008402969805597565,8.48784828848239e-06,0.000799241295874525,1773.5147442548396,1755.3056891637596,1768.5377860292992,12.838539202968112,0.1884422110552764,0.9999915121517116,0.150813550809409,0.0,0.0,-5.540012892879531e-14,6.60963559528714,0.1661178445205531,0.16607124611274224,0.0,0.003888888888888889,0.0,0.019230769230769232,0.010101010101010102,0.0,0.0,0.385,0.9992152697058329,0.003888888888888889,36,39.8,0.001,0.0046,7.3983,0.2055
3,0.166026388595918,0.16666666666666666,0.16666666666666666,6.607850266117536,5.306666666666667,6.633333333333333,0.0,0.0009411357170539512,0.9969558173259935,0.0016517497540316614,0.0013785085907751246,1.3924329199748733e-05,0.000944009454278765,1773.5143672629092,1755.3457622500657,1768.4463179187408,12.684249194373582,0.1884422110552764,0.9999860756708002,0.15082371541152387,0.0,0.0,-5.1181281435219717e-14,6.605644155171861,0.16602601699779423,0.16597095867265985,0.0,0.003888888888888889,0.0,0.019230769230769232,0.010101010101010102,0.0,0.0,0.385,0.9992152697058329,0.003888888888888889,36,39.8,0.001,0.0046,7.3983,0.2055
4,0.16592245788473178,0.16666666666666666,0.16666666666666666,6.603713823812324,5.306666666666667,6.633333333333333,0.0,0.0011098855061154557,0.9960146816089396,0.0019505383445177446,0.0020144322460773144,2.034780046542742e-05,0.0011143264518175293,1773.5139899749095,1755.4116255811612,1768.3547423999205,12.488691692202924,0.1884422110552764,0.9999796521995346,0.1508353059656472,0.0,0.0,-3.111400026512001e-14,6.601109179041539,0.16592203249359966,0.1658570145487824,0.0,0.003888888888888889,0.0,0.019230769230769232,0.010101010101010102,0.0,0.0,0.385,0.9992152697058329,0.003888888888888889,36,39.8,0.001,0.0046,7.3983,0.2055
5,0.10504138695528019,0.0951396287424651,0.10559542125279249,4.179093522883715,3.718530559773503,4.187913794756309,6.267032289089693,0.0008036604452294802,0.9949047961028241,0.0023018811610985217,0.002765389508716646,2.79332273607742e-05,0.0008077762298237241,1773.513612390608,1755.5197244610417,1768.2632927250074,12.44662470388336,0.10756993199524947,0.9999720667726393,0.09551900270029695,-6.581975853237054e-09,-1.0473000244815012e-10,5.326850072151501e-13,4.177941017593196,0.10501719226027806,0.10497339223646282,-6.581975853237054e-09,0.003888888888888889,0.0,0.019230769230769232,0.010101010101010102,1.4999870026121345,0.0,0.385,0.9992152697058329,0.003888888888888889,36,39.8,0.001,0.0046,7.3983,0.2055
6,0.10505622873482429,0.09513140359922861,0.10558775229645911,4.179756068516582,3.7188520670787253,4.188217967610843,6.268097941734643,0.0007711334555266999,0.9941011356575946,0.0022103655992341325,0.003651613755739577,3.68849874317129e-05,0.0007757092592159628,1773.6739724536528,1755.6261256074067,1768.3267683551917,12.434950277976055,0.1075606322101831,0.9999631150125683,0.09551178452148992,-6.8316516887989565e-09,-1.0872669431449822e-10,1.2403411631112249e-12,4.178614031504332,0.10503235716383882,0.1049903021274543,-6.831650800620537e-09,0.003888888888888889,0.0,0.019230769230769232,0.010101010101010102,1.4999870026121345,0.0,0.385,0.9992152697058329,0.003888888888888889,36,39.8,0.001,0.0046,7.3983,0.2055
7,0.1050690951656962,0.09512414659161564,0.10558098583980072,4.180337039527486,3.7191357777157457,4.188486381427293,6.269038277762094,0.0007397400769490696,0.9933300022020679,0.0021219124328364473,0.0045026045114447185,4.548085365095675e-05,0.0007447072728188756,1773.834356594531,1755.6991435837494,1768.3878736470708,12.47454617206974,0.1075524270508217,0.999954519146349,0.09550542208279636,-7.093972520522129e-09,-1.1292644597205026e-10,2.012057187528171e-12,4.179204978802505,0.10504551906479105,0.10500515004292792,-7.093974296878969e-09,0.003888888888888889,0.0,0.019230769230769232,0.010101010101010102,1.4999870026121345,0.0,0.385,0.9992152697058329,0.003888888888888889,36,39.8,0.001,0.0046,7.3983,0.2055
8,0.16589662043024156,0.16666666666666666,0.16666666666666666,6.602685493123613,5.306666666666667,6.633333333333333,0.0,0.0011546795225360904,0.9925902621251188,0.0020364643414602316,0.0053195407980867505,5.37327353342096e-05,0.0011632992651609752,1773.9947768166833,1755.717491010787,1768.4466250645175,12.378001570370891,0.1884422110552764,0.9999462672646658,0.1508381977205403,0.0,0.0,3.1026292646174625e-12,6.599854449081945,0.16589337081511596,0.16582548867040062,-8.881784197001252e-16,0.003888888888888889,0.0,0.019230769230769232,0.010101010101010102,0.0,0.0,0.385,0.9992152697058329,0.003888888888888889,36,39.8,0.001,0.0046,7.3983,0.2055
9,0.1657668600573518,0.16666666666666666,0.16666666666666666,6.597521030282602,5.306666666666667,6.633333333333333,0.0,0.0013580802390845501,0.9914355826025827,0.0023991855089840097,0.00610357956954894,6.165231888433272e-05,0.0013698118797789178,1773.9947768166833,1755.717491010787,1768.3481101237544,12.281919048278858,0.1884422110552764,0.9999383476811157,0.15085278281184056,0.0,0.0,3.6257385982452206e-12,6.59423586197004,0.1657642909902502,0.16568431813995074,-8.881784197001252e-16,0.003888888888888889,0.0,0.019230769230769232,0.010101010101010102,0.0,0.0,0.385,0.9992152697058329,0.003888888888888889,36,39.8,0.001,0.0046,7.3983,0.2055
10,0.16561613245320517,0.16666666666666666,0.16666666666666666,6.5915220716375655,5.306666666666667,6.633333333333333,0.0,0.0015955722167229562,0.9900775023634981,0.0028242491612414447,0.007027265990507784,7.098248475260387e-05,0.0016115629462481777,1773.9947768166833,1755.717491010787,1768.2500666929907,12.186701950329015,0.1884422110552764,0.9999290175152474,0.15086985507222297,0.0,0.0,4.233113859442028e-12,6.587719256080147,0.16561472596232987,0.16552058432362182,8.881784197001252e-16,0.003888888888888889,0.0,0.019230769230769232,0.010101010101010102,0.0,0.0,0.385,0.9992152697058329,0.003888888888888889,36,39.8,0.001,0.0046,7.3983,0.2055
11,0.16544133665915742,0.16666666666666666,0.16666666666666666,6.584565199034465,5.306666666666667,6.633333333333333,0.0,0.0018722082774043775,0.9884819301467752,0.003321502259703839,0.00811460191758574,8.196567593520949e-05,0.0018940237755548876,1773.9947768166833,1755.717491010787,1768.1529063484545,12.092820428435367,0.1884422110552764,0.9999180343240648,0.1508898294825073,0.0,0.0,4.9373560795373805e-12,6.580176681830354,0.16544178914978797,0.16533107240779782,-8.881784197001252e-16,0.003888888888888889,0.0,0.019230769230769232,0.010101010101010102,0.0,0.0,0.385,0.9992152697058329,0.003888888888888889,36,39.8,0.001,0.0046,7.3983,0.2055
12,0.16523900927138535,0.16666666666666666,0.16666666666666666,6.576512569001136,5.306666666666667,6.633333333333333,0.0,0.00219353906652395,0.9866097218693708,0.0039020152138900567,0.00939338028757172,9.488262916739108e-05,0.002223309803158801,1773.9947768166833,1755.717491010787,1768.057108837197,12.000819769472905,0.1884422110552764,0.9999051173708327,0.15091318684186056,0.0,0.0,5.752121001734167e-12,6.571467353215234,0.1652423122294555,0.1651122450556592,8.881784197001252e-16,0.003888888888888889,0.0,0.019230769230769232,0.010101010101010102,0.0,0.0,0.385,0.9992152697058329,0.003888888888888889,36,39.8,0.001,0.0046,7.3983,0.2055
13,0.16500531625019102,0.16666666666666666,0.16666666666666666,6.567211586757602,5.306666666666667,6.633333333333333,0.0,0.002565562209440319,0.9844161828028468,0.0045781039194567625,0.01089565614491939,0.00011005713277696353,0.0026061763858204827,1773.9947768166833,1755.717491010787,1767.9632305746284,11.91132910073226,0.1884422110552764,0.999889942867223,0.15094048260007506,0.0,0.0,6.692840726074678e-12,6.561438352455095,0.16501286357591893,0.16486026011193702,-1.7763568394002505e-15,0.003888888888888889,0.0,0.019230769230769232,0.010101010101010102,0.0,0.0,0.385,0.9992152697058329,0.003888888888888889,36,39.8,0.001,0.0046,7.3983,0.2055
14,0.1647360590175622,0.16666666666666666,0.16666666666666666,6.556495148898975,5.306666666666667,6.633333333333333,0.0,0.0029946216264488943,0.9818506205934066,0.005363292382441673,0.012658226153910244,0.0001278608702415176,0.00304997681280582,1773.9947768166833,1755.717491010787,1767.8719135276397,11.825070226906826,0.1884422110552764,0.9998721391297585,0.15097235602464235,0.0,0.0,7.775391441811053e-12,6.549926269261213,0.16474978820323083,0.16457101179048278,1.7763568394002505e-15,0.003888888888888889,0.0,0.019230769230769232,0.010101010101010102,0.0,0.0,0.385,0.9992152697058329,0.003888888888888889,36,39.8,0.001,0.0046,7.3983,0.2055
15,0.16442670105916946,0.16666666666666666,0.16666666666666666,6.544182702154944,5.306666666666667,6.633333333333333,0.0,0.0034872401997333314,0.9788559989669576,0.006272189193496584,0.014723093721150288,0.00014871811839545744,0.003562567122655032,1773.9947768166833,1755.717491010787,1767.7838942319393,11.742866232372698,0.1884422110552764,0.9998512818816045,0.15100953919649807,0.0,0.0,9.017009361400596e-12,6.536760102010614,0.16444927654122243,0.16424020356810587,-8.881784197001252e-16,0.003888888888888889,0.0,0.019230769230769232,0.010101010101010102,0.0,0.0,0.385,0.9992152697058329,0.003888888888888889,36,39.8,0.001,0.0046,7.3983,0.2055
16,0.1640724227571975,0.16666666666666666,0.16666666666666666,6.53008242573646,5.306666666666667,6.633333333333333,0.0,0.004049866836408773,0.9753687587672243,0.007320244706870133,0.01713788656064647,0.00017310996525905526,0.004152139178137539,1773.9947768166833,1755.717491010787,1767.7000125698937,11.665649330886328,0.1884422110552764,0.9998268900347409,0.15105286499511925,0.0,0.0,1.0434986208451846e-11,6.521765803001648,0.1641074705438718,0.16386346238697613,1.7763568394002505e-15,0.003888888888888889,0.0,0.019230769230769232,0.010101010101010102,0.0,0.0,0.385,0.9992152697058329,0.003888888888888889,36,39.8,0.001,0.0046,7.3983,0.2055
17,0.16366821370841847,0.16666666666666666,0.16666666666666666,6.513994905595054,5.306666666666667,6.633333333333333,0.0,0.004688518289086427,0.9713188919308156,0.00852334971282941,0.019956180772791474,0.00020157758356355022,0.004826960875605391,1773.9947768166833,1755.717491010787,1767.6212197804266,11.594467259522247,0.1884422110552764,0.9997984224164365,0.1511032727584277,0.0,0.0,1.2045670017002408e-11,6.504772888681163,0.16372061639782712,0.1634365047407328,8.881784197001252e-16,0.003888888888888889,0.0,0.019230769230769232,0.010101010101010102,0.0,0.0,0.385,0.9992152697058329,0.003888888888888889,36,39.8,0.001,0.0046,7.3983,0.2055
18,0.1632090131032304,0.16666666666666666,0.16666666666666666,6.495718721508569,5.306666666666667,6.633333333333333,0.0,0.005408298134441783,0.9666303736417291,0.009897232002482178,0.023237670412230797,0.00023472394355788682,0.005595001235132209,1773.9947768166833,1755.717491010787,1767.5485849834474,11.530487296528841,0.1884422110552764,0.9997652760564422,0.15116180965130857,0.0,0.0,1.3863271641767483e-11,6.4856235397377064,0.163285273053459,0.16295536532004293,1.7763568394002505e-15,0.003888888888888889,0.0,0.019230769230769232,0.010101010101010102,0.0,0.0,0.385,0.9992152697058329,0.003888888888888889,36,39.8,0.001,0.0046,7.3983,0.2055
19,0.16268990949173706,0.16666666666666666,0.16666666666666666,6.475058397771135,5.306666666666667,6.633333333333333,0.0,0.006212781715867212,0.9612220755072873,0.011456606580403114,0.027048104733186435,0.0002732131791230953,0.00646341971764267,1773.9947768166833,1755.717491010787,1767.4832992797062,11.474996741940874,0.1884422110552764,0.9997267868208769,0.15122962492498365,0.0,0.0,1.5897283489607617e-11,6.4641845591199365,0.16279858435133848,0.16241669746532503,-8.881784197001252e-16,0.003888888888888889,0.0,0.019230769230769232,0.010101010101010102,0.0,0.0,0.385,0.9992152697058329,0.003888888888888889,36,39.8,0.001,0.0046,7.3983,0.2055
20,0.16210641090286873,0.16666666666666666,0.16666666666666666,6.451835153934175,5.306666666666667,6.633333333333333,0.0,0.007103268519594428,0.9550092937914201,0.013214041292780226,0.03145889826664163,0.00031776664915799627,0.007437905123827858,1773.9947768166833,1755.717491010787,1767.4266762412146,11.429398453238116,0.1884422110552764,0.999682233350842,0.15130795320573925,0.0,0.0,1.8149010072576743e-11,6.440362404979744,0.1622586189219807,0.16181815087888804,-8.881784197001252e-16,0.003888888888888889,0.0,0.019230769230769232,0.010101010101010102,0.0,0.0,0.385,0.9992152697058329,0.003888888888888889,36,39.8,0.001,0.0046,7.3983,0.2055
21,0.16145479408108157,0.16666666666666666,0.16666666666666666,6.425900804427046,5.306666666666667,6.633333333333333,0.0,0.008077924124536296,0.9479060252718257,0.015178515976293452,0.03654630416436202,0.00036915458751880824,0.008521861776561486,1773.9947768166833,1755.717491010787,1767.3801473557937,11.39519980789803,0.1884422110552764,0.9996308454124812,0.15139808178823785,0.0,0.0,2.0608043049819003e-11,6.414121232719934,0.161664775475255,0.1611588249427119,-8.881784197001252e-16,0.003888888888888889,0.0,0.019230769230769232,0.010101010101010102,0.0,0.0,0.385,0.9992152697058329,0.003888888888888889,36,39.8,0.001,0.0046,7.3983,0.2055
22,0.16073253667093532,0.16666666666666666,0.16666666666666666,6.397154959503225,5.306666666666667,6.633333333333333,0.0,0.009130863421667426,0.9398281011472893,0.01735368388782674,0.042390032815235,0.00042818214964883834,0.009715461168399818,1773.9947768166833,1755.717491010787,1767.3452507643678,11.373993319879771,0.1884422110552764,0.9995718178503512,0.15150129581202887,0.0,0.0,2.324551662269414e-11,6.385503431840673,0.16101824084920913,0.1604397847196149,-8.881784197001252e-16,0.003888888888888889,0.0,0.019230769230769232,0.010101010101010102,0.0,0.0,0.385,0.9992152697058329,0.003888888888888889,36,39.8,0.001,0.0046,7.3983,0.2055
23,0.15993882758040096,0.16666666666666666,0.16666666666666666,6.365565337699958,5.306666666666667,6.633333333333333,0.0,0.010251264135809323,0.9306972377256219,0.019735892464228213,0.049071201112048296,0.0004956686981014979,0.011014606813339968,1773.9947768166833,1755.717491010787,1767.3236114818585,11.367427137494602,0.1884422110552764,0.9995043313018985,0.15161879452897548,0.0,0.0,2.600686332954183e-11,6.354651513079408,0.1603224739635331,0.15966461088139217,0.0,0.003888888888888889,0.0,0.019230769230769232,0.010101010101010102,0.0,0.0,0.385,0.9992152697058329,0.003888888888888889,36,39.8,0.001,0.0046,7.3983,0.2055
24,0.15907513777147478,0.16666666666666666,0.16666666666666666,6.331190483304696,5.306666666666667,6.633333333333333,0.0,0.01142264037902602,0.9204459735898125,0.02231208730839323,0.05666951971077616,0.000572419391017941,0.012409897709125515,1773.9947768166833,1755.717491010787,1767.316911292958,11.377163883523862,0.1884422110552764,0.9994275806089821,0.15175157220840432,0.0,0.0,2.8803986973358064e-11,6.321829412452635,0.15958367122986022,0.15883993498624713,0.0,0.003888888888888889,0.0,0.019230769230769232,0.010101010101010102,0.0,0.0,0.385,0.9992152697058329,0.003888888888888889,36,39.8,0.001,0.0046,7.3983,0.2055
25,0.15814581628566513,0.16666666666666666,0.16666666666666666,6.2942034881694715,5.306666666666667,6.633333333333333,0.0,0.01262244116601566,0.9090233332107864,0.025057804845266332,0.06525967332450755,0.0006591886194394702,0.013885717456153282,1773.9947768166833,1755.717491010787,1767.3268467522319,11.40482686163581,0.1884422110552764,0.9993408113805605,0.1519002593915303,0.0,0.0,3.150726901601786e-11,6.287440418820885,0.15881115008163163,0.15797588992012276,8.881784197001252e-16,0.003888888888888889,0.0,0.019230769230769232,0.010101010101010102,0.0,0.0,0.385,0.9992152697058329,0.003888888888888889,36,39.8,0.001,0.0046,7.3983,0.2055
26,0.1571586555567044,0.16666666666666666,0.16666666666666666,6.2549144911568355,5.306666666666667,6.633333333333333,0.0,0.013822155190099765,0.8964008920447708,0.027935544127011748,0.07490692818993509,0.0007566356382821726,0.015419613381430476,1773.9947768166833,1755.717491010787,1767.3550742926855,11.451933631532572,0.1884422110552764,0.9992433643617178,0.15206492513859743,0.0,0.0,3.39378525282541e-11,6.2520381740306625,0.1580175710864112,0.15708638628217747,0.0,0.003888888888888889,0.0,0.019230769230769232,0.010101010101010102,0.0,0.0,0.385,0.9992152697058329,0.003888888888888889,36,39.8,0.001,0.0046,7.3983,0.2055
27,0.15612534895705144,0.16666666666666666,0.16666666666666666,6.2137888884906465,5.306666666666667,6.633333333333333,0.0,0.01498808495185146,0.882578736854671,0.03089387660105139,0.08566211267883461,0.0008652738654427739,0.016982150516412744,1773.9947768166833,1755.717491010787,1767.4031424452726,11.519818389618202,0.1884422110552764,0.9991347261345572,0.15224484938135566,0.0,0.0,3.586905772401394e-11,6.216326800884847,0.15721891148682351,0.1561891156001218,0.0,0.003888888888888889,0.0,0.019230769230769232,0.010101010101010102,0.0,0.0,0.385,0.9992152697058329,0.003888888888888889,36,39.8,0.001,0.0046,7.3983,0.2055
28,0.15506174717513202,0.16666666666666666,0.16666666666666666,6.171457537570254,5.306666666666667,6.633333333333333,0.0,0.016082887378993615,0.8675906519028196,0.03386767620804953,0.0975562551702394,0.0009854167188913072,0.018537414325200785,1773.9947768166833,1755.717491010787,1767.472412635463,11.609546434777727,0.1884422110552764,0.9990145832811087,0.15243828655977792,0.0,0.0,3.703481965544597e-11,6.181146495917783,0.15643411087991113,0.15530518833964282,8.881784197001252e-16,0.003888888888888889,0.0,0.019230769230769232,0.010101010101010102,0.0,0.0,0.385,0.9992152697058329,0.003888888888888889,36,39.8,0.001,0.0046,7.3983,0.2055
29,0.15398781528618008,0.16666666666666666,0.16666666666666666,6.128715048389966,5.306666666666667,6.633333333333333,0.0,0.01706786118767299,0.8515077645238259,0.0367798006172461,0.11059531051033847,0.0011171243485892776,0.020044281331031144,1773.9947768166833,1755.717491010787,1767.5639719033882,11.721826071250163,0.1884422110552764,0.9988828756514108,0.15264225602007395,0.0,0.0,3.714925589370921e-11,6.1474421519188365,0.1556843388795071,0.1544583455255989,-8.881784197001252e-16,0.003888888888888889,0.0,0.019230769230769232,0.010101010101010102,0.0,0.0,0.385,0.9992152697058329,0.003888888888888889,36,39.8,0.001,0.0046,7.3983,0.2055
30,0.15292720634818996,0.16666666666666666,0.16666666666666666,6.08650281265796,5.306666666666667,6.633333333333333,0.0,0.017905807529488012,0.8344399033361529,0.039544406009323387,0.12475553374797822,0.0012601569065452346,0.021458474670134134,1773.9947768166833,1755.717491010787,1767.6785430087773,11.856925270147864,0.1884422110552764,0.9987398430934548,0.1528524077834665,0.0,0.0,3.594918807081626e-11,6.116214840400596,0.15499188657553517,0.15367373970855772,8.881784197001252e-16,0.003888888888888889,0.0,0.019230769230769232,0.010101010101010102,0.0,0.0,0.385,0.9992152697058329,0.003888888888888889,36,39.8,0.001,0.0046,7.3983,0.2055
31,0.15190640462446933,0.16666666666666666,0.16666666666666666,6.045874904053879,5.306666666666667,6.633333333333333,0.0,0.01856413410394707,0.8165340958066649,0.04207183342407453,0.13998013006156773,0.0014139407076926033,0.022735283436764894,1773.9947768166833,1755.717491010787,1767.8163993916548,12.014601816503095,0.1884422110552764,0.9985860592923074,0.15306301885932333,0.0,0.0,3.324798769632764e-11,6.088459056920662,0.15437875266155618,0.15297635821408703,8.881784197001252e-16,0.003888888888888889,0.0,0.019230769230769232,0.010101010101010102,0.0,0.0,0.385,0.9992152697058329,0.003888888888888889,36,39.8,0.001,0.0046,7.3983,0.2055
32,0.1509534510009129,0.16666666666666666,0.16666666666666666,6.007947349836333,5.306666666666667,6.633333333333333,0.0,0.019017761752247443,0.7979699617027178,0.044274698974214835,0.15617778592983642,0.0015775533932306709,0.02383267875355498,1773.9947768166833,1755.717491010787,1767.9772938937874,12.194056009764878,0.1884422110552764,0.9984224466067694,0.15326716911105076,0.0,0.0,2.8985536193459893e-11,6.065091899218592,0.1538650669981001,0.1523892436989596,-8.881784197001252e-16,0.003888888888888889,0.0,0.019230769230769232,0.010101010101010102,0.0,0.0,0.385,0.9992152697058329,0.003888888888888889,36,39.8,0.001,0.0046,7.3983,0.2055
33,0.15009633584630291,0.16666666666666666,0.16666666666666666,5.973834166682855,5.306666666666667,6.633333333333333,0.0,0.019251371826841647,0.7789521999504704,0.046074522236489834,0.17322354503490914,0.0017497327781303953,0.02471444567210381,1773.9947768166833,1755.717491010787,1768.1604104938644,12.393913874191924,0.1884422110552764,0.9982502672218696,0.1534571225104329,0.0,0.0,2.327948944724767e-11,6.046882913010099,0.15346754889054878,0.15193173148266578,-8.881784197001252e-16,0.003888888888888889,0.0,0.019230769230769232,0.010101010101010102,0.0,0.0,0.385,0.9992152697058329,0.003888888888888889,36,39.8,0.001,0.0046,7.3983,0.2055
34,0.1493612142640367,0.16666666666666666,0.16666666666666666,5.94457632770866,5.306666666666667,6.633333333333333,0.0,0.019260624204052265,0.7597008281236287,0.04740802430469654,0.19096223609595772,0.0019289114757167448,0.025352906685153595,1773.9947768166833,1755.717491010787,1768.364347175239,12.612246163735369,0.1884422110552764,0.9980710885242833,0.15362490030119574,0.0,0.0,1.6427165183685588e-11,6.034394307417831,0.15319821489938182,0.1516179474225586,1.7763568394002505e-15,0.003888888888888889,0.0,0.019230769230769232,0.010101010101010102,0.0,0.0,0.385,0.9992152697058329,0.003888888888888889,36,39.8,0.001,0.0046,7.3983,0.2055
35,0.14877064636205609,0.16666666666666666,0.16666666666666666,5.921071725209832,5.306666666666667,6.633333333333333,0.0,0.01905216375561791,0.7404402039195764,0.04823219461247793,0.2092143254532659,0.0021132760146794537,0.0257308607160495,1773.9947768166833,1755.717491010787,1768.5871353186728,12.846624499950037,0.1884422110552764,0.9978867239853205,0.15376298520456097,0.0,0.0,8.875095103277886e-12,6.02794009388702,0.15306352107385865,0.15145578125344272,0.0,0.003888888888888889,0.0,0.019230769230769232,0.010101010101010102,0.0,0.0,0.385,0.9992152697058329,0.003888888888888889,36,39.8,0.001,0.0046,7.3983,0.2055
36,0.1483420757850735,0.16666666666666666,0.16666666666666666,5.904014616245925,5.306666666666667,6.633333333333333,0.0,0.018642465670062097,0.7213880401639585,0.04852739379657664,0.2277837203790699,0.002300845660394646,0.025842493404555196,1773.9947768166833,1755.717491010787,1768.8262969859443,13.09421143042545,0.1884422110552764,0.9976991543396053,0.15386505446251406,0.0,0.0,1.144140338027455e-12,6.027569581374676,0.15306405168705534,0.15144647189383612,8.881784197001252e-16,0.003888888888888889,0.0,0.019230769230769232,0.010101010101010102,0.0,0.0,0.385,0.9992152697058329,0.003888888888888889,36,39.8,0.001,0.0046,7.3983,0.2055
37,0.14808672847569673,0.16666666666666666,0.16666666666666666,5.89385179333273,5.306666666666667,6.633333333333333,0.0,0.018055779280591648,0.7027455744938964,0.04829809521241449,0.24646676699075193,0.0024895633029368884,0.025693195284218,1773.9947768166833,1755.717491010787,1769.0789368162436,13.351876932571546,0.1884422110552764,0.9975104366970631,0.1539266194480267,0.0,0.0,-6.268457974911712e-12,6.033076377453358,0.15319477011143623,0.15158483360435573,0.0,0.003888888888888889,0.0,0.019230769230769232,0.010101010101010102,0.0,0.0,0.385,0.9992152697058329,0.003888888888888889,36,39.8,0.001,0.0046,7.3983,0.2055
38,0.1480090480579587,0.16666666666666666,0.16666666666666666,5.890760112706756,5.306666666666667,6.633333333333333,0.0,0.017321559589129655,0.6846897952133048,0.04757128191040051,0.2650615336475315,0.002677389228762945,0.025298404781589283,1773.9947768166833,1755.717491010787,1769.3418609076373,13.616330772794493,0.1884422110552764,0.9973226107712371,0.1539454602351285,0.0,0.0,-1.2961604012318162e-11,6.044029777753043,0.15344575406417527,0.1518600446671619,0.0,0.003888888888888889,0.0,0.019230769230769232,0.010101010101010102,0.0,0.0,0.385,0.9992152697058329,0.003888888888888889,36,39.8,0.001,0.0046,7.3983,0.2055
39,0.1481067013823092,0.16666666666666666,0.16666666666666666,5.894646715015905,5.306666666666667,6.633333333333333,0.0,0.016471801478313133,0.6673682356241751,0.04639289853437442,0.2833764771830357,0.0028623886584145026,0.0246817283158636,1773.9947768166833,1755.717491010787,1769.6117118775073,13.884258735621426,0.1884422110552764,0.9971376113415855,0.15392178360884756,0.0,0.0,-1.8683721236811834e-11,6.059822258031222,0.1538032706051966,0.1522568406540508,-8.881784197001252e-16,0.003888888888888889,0.0,0.019230769230769232,0.010101010101010102,0.0,0.0,0.385,0.9992152697058329,0.003888888888888889,36,39.8,0.001,0.0046,7.3983,0.2055
40,0.14837110750168145,0.16666666666666666,0.16666666666666666,5.905170078566921,5.306666666666667,6.633333333333333,0.0,0.015538626195429568,0.650896434145862,0.044823017249319724,0.3012377431187699,0.003042805486048181,0.023872655280129336,1773.9947768166833,1755.717491010787,1769.8851078719206,14.152451197602156,0.1884422110552764,0.9969571945139518,0.1538580904129656,0.0,0.0,-2.3327645370940786e-11,6.0797253213882785,0.1542510181977984,0.1527569176228211,8.881784197001252e-16,0.003888888888888889,0.0,0.019230769230769232,0.010101010101010102,0.0,0.0,0.385,0.9992152697058329,0.003888888888888889,36,39.8,0.001,0.0046,7.3983,0.2055
41,0.14878838171463968,0.16666666666666666,0.16666666666666666,5.921777592242659,5.306666666666667,6.633333333333333,0.0,0.014552350108562255,0.6353578079504324,0.04293047007001384,0.318494604759758,0.0032171172197955353,0.022904180804051065,1773.9947768166833,1755.717491010787,1770.158773763542,14.4179145467844,0.1884422110552764,0.9967828827802044,0.15375879517188995,0.0,0.0,-2.690211942102394e-11,6.102946202921887,0.1547713725263343,0.15334035685733383,-8.881784197001252e-16,0.003888888888888889,0.0,0.019230769230769232,0.010101010101010102,0.0,0.0,0.385,0.9992152697058329,0.003888888888888889,36,39.8,0.001,0.0046,7.3983,0.2055
42,0.14934055166324878,0.16666666666666666,0.16666666666666666,5.943753956197301,5.306666666666667,6.633333333333333,0.0,0.013540134620384826,0.6208054578418701,0.04078763737357072,0.3350228357367133,0.003384069047845589,0.021810592109571515,1773.9947768166833,1755.717491010787,1770.4296548450245,14.677958963572765,0.1884422110552764,0.9966159309521544,0.15362968167787053,0.0,0.0,-2.9492935871289205e-11,6.128679435459105,0.15534650840137462,0.15398692048892226,0.0,0.003888888888888889,0.0,0.019230769230769232,0.010101010101010102,0.0,0.0,0.385,0.9992152697058329,0.003888888888888889,36,39.8,0.001,0.0046,7.3983,0.2055
43,0.1500068951830537,0.16666666666666666,0.16666666666666666,5.970274428285538,5.306666666666667,6.633333333333333,0.0,0.012525206234547129,0.6072653232214853,0.0384659130153447,0.350726076125538,0.0035426876376316975,0.020625591081180283,1773.9947768166833,1755.717491010787,1770.6950064013508,14.930259416246484,0.1884422110552764,0.9964573123623683,0.15347729431847332,0.0,0.0,-3.122044289760595e-11,6.15614938044795,0.15595931721226902,0.15467712011175755,0.0,0.003888888888888889,0.0,0.019230769230769232,0.010101010101010102,0.0,0.0,0.385,0.9992152697058329,0.003888888888888889,36,39.8,0.001,0.0046,7.3983,0.2055
44,0.15076526434207319,0.16666666666666666,0.16666666666666666,6.000457520814512,5.306666666666667,6.633333333333333,0.0,0.011526563269298892,0.5947401169869382,0.03603215307725778,0.3655354526364457,0.0036922772993580382,0.019380840370571542,1773.9947768166833,1755.717491010787,1770.9524559501842,15.17288980324042,0.1884422110552764,0.9963077227006419,0.15330835703093437,0.0,0.0,-3.221137245823513e-11,6.184641936056114,0.1565940852379885,0.15539301346874657,-8.881784197001252e-16,0.003888888888888889,0.0,0.019230769230769232,0.010101010101010102,0.0,0.0,0.385,0.9992152697058329,0.003888888888888889,36,39.8,0.001,0.0046,7.3983,0.2055
45,0.15159328892917856,0.16666666666666666,0.16666666666666666,6.0334128993813065,5.306666666666667,6.633333333333333,0.0,0.01055905167856564,0.5832135537176393,0.033546212372067535,0.37940783157118996,0.0038324023391029297,0.018104949055552585,1773.9947768166833,1755.717491010787,1771.200038080945,15.404332604017256,0.1884422110552764,0.996167597660897,0.15312928734449127,0.0,0.0,-3.258590619559243e-11,6.213525361170682,0.157236934746674,0.1561187276676051,0.0,0.003888888888888889,0.0,0.019230769230769232,0.010101010101010102,0.0,0.0,0.385,0.9992152697058329,0.003888888888888889,36,39.8,0.001,0.0046,7.3983,0.2055
46,0.1524693875685299,0.16666666666666666,0.16666666666666666,6.06828162522749,5.306666666666667,6.633333333333333,0.0,0.009633688644067474,0.5726545020390736,0.031059514794829136,0.392323123334436,0.00396285983166097,0.01682286371584335,1773.9947768166833,1755.717491010787,1771.4362043026433,15.623468007197797,0.1884422110552764,0.996037140168339,0.1529458419666285,0.0,0.0,-3.245040347543693e-11,6.242261335623827,0.1578760542358032,0.15684073707597557,8.881784197001252e-16,0.003888888888888889,0.0,0.019230769230769232,0.010101010101010102,0.0,0.0,0.385,0.9992152697058329,0.003888888888888889,36,39.8,0.001,0.0046,7.3983,0.2055
47,0.15337354915436513,0.16666666666666666,0.16666666666666666,6.104267256343732,5.306666666666667,6.633333333333333,0.0,0.008758127636498778,0.5630208133950062,0.028614503240907502,0.40428103653044517,0.004083646833640861,0.015555601903395742,1773.9947768166833,1755.717491010787,1771.6598119501302,15.829547278349441,0.1884422110552764,0.9959163531663592,0.15276290146782667,0.0,0.0,-3.1897234853417444e-11,6.2704080220308525,0.1585017570267284,0.15754794025203148,0.0,0.003888888888888889,0.0,0.019230769230769232,0.010101010101010102,0.0,0.0,0.385,0.9992152697058329,0.003888888888888889,36,39.8,0.001,0.0046,7.3983,0.2055
48,0.15428787702787278,0.16666666666666666,0.16666666666666666,6.140657505709336,5.306666666666667,6.633333333333333,0.0,0.007937182163003183,0.5542626857585075,0.026244768505942248,0.41529762027819456,0.004194925457355501,0.014320253495219804,1773.9947768166833,1755.717491010787,1771.87009700836,16.022155241705576,0.1884422110552764,0.9958050745426446,0.1525843801547081,0.0,0.0,-3.100592005367275e-11,6.2976171074878184,0.15910641123213654,0.1582315856152718,-8.881784197001252e-16,0.003888888888888889,0.0,0.019230769230769232,0.010101010101010102,0.0,0.0,0.385,0.9992152697058329,0.003888888888888889,36,39.8,0.001,0.0046,7.3983,0.2055
49,0.15519691093281404,0.16666666666666666,0.16666666666666666,6.176837055125999,5.306666666666667,6.633333333333333,0.0,0.007173350057404665,0.5463255035955042,0.023975651805523444,0.4254018561529823,0.004296988445989721,0.013130176076707127,1773.9947768166833,1755.717491010787,1772.0666358284147,16.2011663681672,0.1884422110552764,0.9957030115540103,0.1524132349236931,0.0,0.0,-2.98470415049934e-11,6.32362671949851,0.15968428184825387,0.15888509345473642,-8.881784197001252e-16,0.003888888888888889,0.0,0.019230769230769232,0.010101010101010102,0.0,0.0,0.385,0.9992152697058329,0.003888888888888889,36,39.8,0.001,0.0046,7.3983,0.2055
50,0.1560877566725356,0.16666666666666666,0.16666666666666666,6.2122927155669165,5.306666666666667,6.633333333333333,0.0,0.006467301742433352,0.5391521535380995,0.021825137271891212,0.43463248209810884,0.00439022709190009,0.011995318390166342,1773.9947768166833,1755.717491010787,1772.2493003193235,16.36669827995089,0.1884422110552764,0.9956097729080999,0.15225154281079267,0.0,0.0,-2.8483049252514547e-11,6.34825185571391,0.16023132004592844,0.15950381547019873,-8.881784197001252e-16,0.003888888888888889,0.0,0.019230769230769232,0.010101010101010102,0.0,0.0,0.385,0.9992152697058329,0.003888888888888889,36,39.8,0.001,0.0046,7.3983,0.2055
51,0.15695006114626422,0.16666666666666666,0.16666666666666666,6.246612433621316,5.306666666666667,6.633333333333333,0.0,0.005818312706912646,0.5326848517956662,0.019804885630811314,0.44303515994778697,0.004475102625735222,0.010922617167166051,1773.9947768166833,1755.717491010787,1772.4182105038064,16.519065667180733,0.1884422110552764,0.9955248973742648,0.152100618781464,0.0,0.0,-2.696981526995046e-11,6.3713736391630285,0.16074492765745152,0.16008476480309114,-1.7763568394002505e-15,0.003888888888888889,0.0,0.019230769230769232,0.010101010101010102,0.0,0.0,0.385,0.9992152697058329,0.003888888888888889,36,39.8,0.001,0.0046,7.3983,0.2055
52,0.15777587238468296,0.16666666666666666,0.16666666666666666,6.279479720910381,5.306666666666667,6.633333333333333,0.0,0.005224632386589438,0.5268665390887535,0.017921298370186228,0.4506600409156493,0.004552121625410599,0.009916424747006606,1773.9947768166833,1755.717491010787,1772.5736874943689,16.65873678921233,0.1884422110552764,0.9954478783745894,0.15196115046415987,0.0,0.0,-2.535638365941395e-11,6.39292837592566,0.1612237177159993,0.16062634110365978,-8.881784197001252e-16,0.003888888888888889,0.0,0.019230769230769232,0.010101010101010102,0.0,0.0,0.385,0.9992152697058329,0.003888888888888889,36,39.8,0.001,0.0046,7.3983,0.2055
53,0.15855942194385303,0.16666666666666666,0.16666666666666666,6.31066499336535,5.306666666666667,6.633333333333333,0.0,0.004683789409677187,0.521641906702164,0.016176536946147686,0.457559740788171,0.0046218155635168795,0.008978936219461825,1773.9947768166833,1755.717491010787,1772.716209106879,16.786293985716416,0.1884422110552764,0.9953781844364831,0.15183333287594397,0.0,0.0,-2.368613638559225e-11,6.412897089653459,0.16166728547743753,0.16112806757923262,-8.881784197001252e-16,0.003888888888888889,0.0,0.019230769230769232,0.010101010101010102,0.0,0.0,0.385,0.9992152697058329,0.003888888888888889,36,39.8,0.001,0.0046,7.3983,0.2055
54,0.15929686213488764,0.16666666666666666,0.16666666666666666,6.340015112968528,5.306666666666667,6.633333333333333,0.0,0.004192837733466931,0.5169581172924869,0.014569450876767441,0.46378770751243786,0.004684724318307454,0.008110594636614805,1773.9947768166833,1755.717491010787,1772.8463695657383,16.902398994150392,0.1884422110552764,0.9953152756816925,0.151716992265683,0.0,0.0,-2.199612714193222e-11,6.4312959555580065,0.16207599900471992,0.16159035064216098,0.0,0.003888888888888889,0.0,0.019230769230769232,0.010101010101010102,0.0,0.0,0.385,0.9992152697058329,0.003888888888888889,36,39.8,0.001,0.0046,7.3983,0.2055
55,0.15998598441679182,0.16666666666666666,0.16666666666666666,6.367442179788314,5.306666666666667,6.633333333333333,0.0,0.0037485504944773595,0.51276527955902,0.013096391047047034,0.46939694609999333,0.004741383293939327,0.007310460836391118,1773.9947768166833,1755.717491010787,1772.9648441135319,17.007763376910624,0.1884422110552764,0.9952586167060606,0.1516116932312753,0.0,0.0,-2.0317525439850215e-11,6.4481678603480015,0.16245081421617463,0.16201426784793976,8.881784197001252e-16,0.003888888888888889,0.0,0.019230769230769232,0.010101010101010102,0.0,0.0,0.385,0.9992152697058329,0.003888888888888889,36,39.8,0.001,0.0046,7.3983,0.2055
56,0.1606259388888296,0.16666666666666666,0.16666666666666666,6.392912367775417,5.306666666666667,6.633333333333333,0.0,0.003347569198646324,0.5090167290645427,0.011751900578783881,0.47443905665310643,0.004792313703566732,0.006576540627256784,1773.9947768166833,1755.717491010787,1773.0723588346402,17.103123999534635,0.1884422110552764,0.9952076862964333,0.15151682698811159,0.0,0.0,-1.867542231970276e-11,6.4635751708449884,0.1627931162214282,0.1624013862021354,0.0,0.003888888888888889,0.0,0.019230769230769232,0.010101010101010102,0.0,0.0,0.385,0.9992152697058329,0.003888888888888889,36,39.8,0.001,0.0046,7.3983,0.2055
57,0.16121696887636877,0.16666666666666666,0.16666666666666666,6.4164353612794764,5.306666666666667,6.633333333333333,0.0,0.0029865157739612947,0.5056691598658963,0.01052928621901425,0.47896353837593825,0.004838015539150892,0.00590606667559738,1773.9947768166833,1755.717491010787,1773.1696656329866,17.189223255610084,0.1884422110552764,0.9951619844608491,0.15143168113597302,0.0,0.0,-1.709007935168927e-11,6.477593695234647,0.16310458664033184,0.16275361043303135,0.0,0.003888888888888889,0.0,0.019230769230769232,0.010101010101010102,0.0,0.0,0.385,0.9992152697058329,0.003888888888888889,36,39.8,0.001,0.0046,7.3983,0.2055
58,0.16176016950269245,0.16666666666666666,0.16666666666666666,6.438054746207159,5.306666666666667,6.633333333333333,0.0,0.0026620744040170346,0.5026826440919351,0.009421079574470002,0.48301731357025873,0.004878962763335947,0.005295735660072185,1773.9947768166833,1755.717491010787,1773.257522053364,17.26679358414404,0.1884422110552764,0.995121037236664,0.15135549271133092,0.0,0.0,-1.5576290257612868e-11,6.490307758256617,0.16338709523849448,0.16307305925267884,0.0,0.003888888888888889,0.0,0.019230769230769232,0.010101010101010102,0.0,0.0,0.385,0.9992152697058329,0.003888888888888889,36,39.8,0.001,0.0046,7.3983,0.2055
59,0.16225727503945508,0.16666666666666666,0.16666666666666666,6.457839546570312,5.306666666666667,6.633333333333333,0.0,0.0023710492258090052,0.5000205696879181,0.008419400810637592,0.4866444292064297,0.004915600295014442,0.004741903372672983,1773.9947768166833,1755.717491010787,1773.336675482826,17.33654574953196,0.1884422110552764,0.9950843997049855,0.1512874869897889,0.0,0.0,-1.414490746753927e-11,6.501806276400354,0.16364261343741543,0.1633619667437275,-8.881784197001252e-16,0.003888888888888889,0.0,0.019230769230769232,0.010101010101010102,0.0,0.0,0.385,0.9992152697058329,0.003888888888888889,36,39.8,0.001,0.0046,7.3983,0.2055
60,0.16271047673017433,0.16666666666666666,0.16666666666666666,6.475876973860938,5.306666666666667,6.633333333333333,0.0,0.0021104030747786918,0.4976495204621091,0.007516238610087534,0.48988589851852515,0.004948342409278032,0.004240741702752987,1773.9947768166833,1755.717491010787,1773.407851191466,17.39916033300091,0.1884422110552764,0.995051657590722,0.1512269046697058,0.0,0.0,-1.2802259252708836e-11,6.5121797036772575,0.16387314690703453,0.1636226056200316,0.0,0.003888888888888889,0.0,0.019230769230769232,0.010101010101010102,0.0,0.0,0.385,0.9992152697058329,0.003888888888888889,36,39.8,0.001,0.0046,7.3983,0.2055
61,0.16312227058647857,0.16666666666666666,0.16666666666666666,6.492266369341847,5.306666666666667,6.633333333333333,0.0,0.0018772815903536683,0.4955391173873304,0.006703660003165518,0.4927796503834089,0.004977572226095039,0.003788362057573591,1773.9947768166833,1755.717491010787,1773.4717436502137,17.45528190039527,0.1884422110552764,0.9950224277739049,0.15117301992586746,0.0,0.0,-1.155239792716145e-11,6.521517716467184,0.1640806843904033,0.16385722905696443,0.0,0.003888888888888889,0.0,0.019230769230769232,0.010101010101010102,0.0,0.0,0.385,0.9992152697058329,0.003888888888888889,36,39.8,0.001,0.0046,7.3983,0.2055
62,0.16349533321964124,0.16666666666666666,0.16666666666666666,6.507114262141721,5.306666666666667,6.633333333333333,0.0,0.0016690262054295186,0.49366183579697676,0.0059739627033992635,0.4953605594846276,0.005003642014996239,0.0033809099355128634,1773.9947768166833,1755.717491010787,1773.5290105795925,17.505515350682536,0.1884422110552764,0.9949963579850037,0.15112515152020295,0.0,0.0,-1.039629493604366e-11,6.52990751238364,0.16426716003945102,0.16406802794933772,8.881784197001252e-16,0.003888888888888889,0.0,0.019230769230769232,0.010101010101010102,0.0,0.0,0.385,0.9992152697058329,0.003888888888888889,36,39.8,0.001,0.0046,7.3983,0.2055
63,0.16383242293058872,0.16666666666666666,0.16666666666666666,6.520530432637431,5.306666666666667,6.633333333333333,0.0,0.0014831788540868613,0.49199280959154723,0.00531978119084018,0.4976605351254363,0.005026874092176125,0.0030146352246859004,1773.9947768166833,1755.717491010787,1773.5802692237041,17.550424002070876,0.1884422110552764,0.9949731259078238,0.15108266879473292,0.0,0.0,-9.332867811906453e-12,6.537432609431929,0.16443442677919037,0.1642571007394957,0.0,0.003888888888888889,0.0,0.019230769230769232,0.010101010101010102,0.0,0.0,0.385,0.9992152697058329,0.003888888888888889,36,39.8,0.001,0.0046,7.3983,0.2055
64,0.16413630288876538,0.16666666666666666,0.16666666666666666,6.532624854972862,5.306666666666667,6.633333333333333,0.0,0.0013174806469838406,0.49050963073746034,0.0047341562484891925,0.49970865088390976,0.005047562130140504,0.002685942465600654,1773.9947768166833,1755.717491010787,1773.6260943972864,17.590529030577606,0.1884422110552764,0.9949524378698595,0.15104499401122892,0.0,0.0,-8.359757330822504e-12,6.544172045381011,0.16458423850931342,0.16442643330103043,0.0,0.003888888888888889,0.0,0.019230769230769232,0.010101010101010102,0.0,0.0,0.385,0.9992152697058329,0.003888888888888889,36,39.8,0.001,0.0046,7.3983,0.2055
65,0.1644096831525748,0.16666666666666666,0.16666666666666666,6.543505389472476,5.306666666666667,6.633333333333333,0.0,0.001169866277638083,0.4891921500904765,0.0042105761321716804,0.5015313010395781,0.005065972737773517,0.0023914248775695097,1773.9947768166833,1755.717491010787,1773.6670179128234,17.626309934037568,0.1884422110552764,0.9949340272622265,0.15101160217546297,0.0,0.0,-7.473133223356854e-12,6.550199891508587,0.16471823925906035,0.1645778867213213,0.0,0.003888888888888889,0.0,0.019230769230769232,0.010101010101010102,0.0,0.0,0.385,0.9992152697058329,0.003888888888888889,36,39.8,0.001,0.0046,7.3983,0.2055
66,0.16465517841461522,0.16666666666666666,0.16666666666666666,6.5532761009016856,5.306666666666667,6.633333333333333,0.0,0.0010384555250067228,0.4880222838128384,0.0037429961361874434,0.5031523728504642,0.00508234720050974,0.0021278854664041964,1773.9947768166833,1755.717491010787,1773.7035290540243,17.6582057495682,0.1884422110552764,0.9949176527994903,0.1509820192058182,0.0,0.0,-6.668388063957309e-12,6.555585008622247,0.16483795770928616,0.16471319117141325,0.0,0.003888888888888889,0.0,0.019230769230769232,0.010101010101010102,0.0,0.0,0.385,0.9992152697058329,0.003888888888888889,36,39.8,0.001,0.0046,7.3983,0.2055
67,0.16487527861100543,0.16666666666666666,0.16666666666666666,6.562036088718015,5.306666666666667,6.633333333333333,0.0,0.0009215428965355445,0.4869838282878317,0.003325842052676827,0.5045934263628964,0.005096903296594913,0.0018923480473172238,1773.9947768166833,1755.717491010787,1773.7360758181344,17.686616802506023,0.1884422110552764,0.994903096703405,0.1509558190793531,0.0,0.0,-5.940720138042366e-12,6.560390985880226,0.16494480577060583,0.1648339443688499,-8.881784197001252e-16,0.003888888888888889,0.0,0.019230769230769232,0.010101010101010102,0.0,0.0,0.385,0.9992152697058329,0.003888888888888889,36,39.8,0.001,0.0046,7.3983,0.2055
68,0.16507232985504275,0.16666666666666666,0.16666666666666666,6.569878728230701,5.306666666666667,6.633333333333333,0.0,0.000817586199320463,0.48606228539129614,0.002954001928726939,0.505873875553177,0.005109837126799768,0.0016820605586839127,1773.9947768166833,1755.717491010787,1773.7650667005653,17.711906808852536,0.1884422110552764,0.9948901628732002,0.15093262040976102,0.0,0.0,-5.284522819337667e-12,6.564676214125328,0.16504008015119193,0.1649416134202344,8.881784197001252e-16,0.003888888888888889,0.0,0.019230769230769232,0.010101010101010102,0.0,0.0,0.385,0.9992152697058329,0.003888888888888889,36,39.8,0.001,0.0046,7.3983,0.2055
69,0.16524852349879482,0.16666666666666666,0.16666666666666666,6.576891235252034,5.306666666666667,6.633333333333333,0.0,0.0007251946242073193,0.48524469919197566,0.002622809600209148,0.5070111662957368,0.00512132491207815,0.0014944926248857651,1773.9947768166833,1755.717491010787,1773.7908728402488,17.734405191132268,0.1884422110552764,0.9948786750879218,0.1509120827746842,0.0,0.0,-4.694522548476243e-12,6.568494055108379,0.16512496605974847,0.16503753907307483,-8.881784197001252e-16,0.003888888888888889,0.0,0.019230769230769232,0.010101010101010102,0.0,0.0,0.385,0.9992152697058329,0.003888888888888889,36,39.8,0.001,0.0046,7.3983,0.2055
70,0.16540589146398937,0.16666666666666666,0.16666666666666666,6.583154480266777,5.306666666666667,6.633333333333333,0.0,0.0006431167688001232,0.4845195045677683,0.0023280227132240205,0.5080209479918174,0.005131524727190075,0.0013273289573220316,1773.9947768166833,1755.717491010787,1773.8138303827582,17.75440949944034,0.1884422110552764,0.99486847527281,0.1508939030072739,0.0,0.0,-4.165445766091125e-12,6.571893076149174,0.16520054236889575,0.16512294161178828,-8.881784197001252e-16,0.003888888888888889,0.0,0.019230769230769232,0.010101010101010102,0.0,0.0,0.385,0.9992152697058329,0.003888888888888889,36,39.8,0.001,0.0046,7.3983,0.2055
71,0.1655463062985881,0.16666666666666666,0.16666666666666666,6.588742990683806,5.306666666666667,6.633333333333333,0.0,0.0005702289020684531,0.4838763877989682,0.002065797315770358,0.5089172367364087,0.005140578148852612,0.0011784598638141463,1773.9947768166833,1755.717491010787,1773.834242950766,17.77218785584554,0.1884422110552764,0.9948594218511474,0.15087781159172312,0.0,0.0,-3.69190789051288e-12,6.574917326575049,0.16526778771391887,0.1651989278033932,0.0,0.003888888888888889,0.0,0.019230769230769232,0.010101010101010102,0.0,0.0,0.385,0.9992152697058329,0.003888888888888889,36,39.8,0.001,0.0046,7.3983,0.2055
72,0.1656714846984646,0.16666666666666666,0.16666666666666666,6.59372509099889,5.306666666666667,6.633333333333333,0.0,0.000505523678482668,0.48330615889689976,0.0018326605950392276,0.5097125687029802,0.005148611805080608,0.001045969866464101,1773.9947768166833,1755.717491010787,1773.8523841383344,17.787981361813653,0.1884422110552764,0.9948513881949194,0.15086356924855757,0.0,0.0,-3.2690516960087734e-12,6.577606637840228,0.165327587124698,0.16526649843819669,0.0,0.003888888888888889,0.0,0.019230769230769232,0.010101010101010102,0.0,0.0,0.385,0.9992152697058329,0.003888888888888889,36,39.8,0.001,0.0046,7.3983,0.2055
73,0.16578299348083014,0.16666666666666666,0.16666666666666666,6.598163140537039,5.306666666666667,6.633333333333333,0.0,0.00044809943751187274,0.4828006352184171,0.0016254829310066402,0.5104181430320703,0.0051557388185057606,0.0009281252028783152,1773.9947768166833,1755.717491010787,1773.8684999674695,17.802006425563313,0.1884422110552764,0.9948442611814943,0.15085096375758525,0.0,0.0,-2.892047712421686e-12,6.579996933725971,0.16538073888813498,0.1653265561237681,-8.881784197001252e-16,0.003888888888888889,0.0,0.019230769230769232,0.010101010101010102,0.0,0.0,0.385,0.9992152697058329,0.003888888888888889,36,39.8,0.001,0.0046,7.3983,0.2055
74,0.16588225720721847,0.16666666666666666,0.16666666666666666,6.602113836847295,5.306666666666667,6.633333333333333,0.0,0.0003971501701075102,0.4823525357809052,0.0014414501175714863,0.511043953960508,0.005162060141015231,0.0008233608007565327,1773.9947768166833,1755.717491010787,1773.8828112629762,17.81445697991734,0.1884422110552764,0.9948379398589847,0.1508398070404221,0.0,0.0,-2.5564550476531167e-12,6.582120540612776,0.1654279614179754,0.16537991308072303,8.881784197001252e-16,0.003888888888888889,0.0,0.019230769230769232,0.010101010101010102,0.0,0.0,0.385,0.9992152697058329,0.003888888888888889,36,39.8,0.001,0.0046,7.3983,0.2055
75,0.16597056683091446,0.16666666666666666,0.16666666666666666,6.605628559870395,5.306666666666667,6.633333333333333,0.0,0.000351956193586735,0.4819553856107977,0.001278036353067863,0.5115989122557729,0.0051676657803613425,0.000730267165996474,1773.9947768166833,1755.717491010787,1773.8955159155728,17.82550657184899,0.1884422110552764,0.9948323342196387,0.15082993250719978,0.0,0.0,-2.2581103653607215e-12,6.584006490650941,0.16546989997184286,0.16542729876007392,8.881784197001252e-16,0.003888888888888889,0.0,0.019230769230769232,0.010101010101010102,0.0,0.0,0.385,0.9992152697058329,0.003888888888888889,36,39.8,0.001,0.0046,7.3983,0.2055
76,0.16604908888984643,0.16666666666666666,0.16666666666666666,6.608753737815888,5.306666666666667,6.633333333333333,0.0,0.0003118755470082012,0.48160342941721096,0.001132978409350429,0.5120909562517041,0.005172635921734384,0.0006475775045572292,1773.9947768166833,1755.717491010787,1773.9067910140811,17.835310313084808,0.1884422110552764,0.9948273640782657,0.15082119266095192,0.0,0.0,-1.9931833961095435e-12,6.585680812867866,0.1655071331044624,0.1654693671574841,0.0,0.003888888888888889,0.0,0.019230769230769232,0.010101010101010102,0.0,0.0,0.385,0.9992152697058329,0.003888888888888889,36,39.8,0.001,0.0046,7.3983,0.2055
77,0.16611887488487648,0.16666666666666666,0.16666666666666666,6.611531220418083,5.306666666666667,6.633333333333333,0.0,0.0002763360982128533,0.4812915538702028,0.001004251241611241,0.512527152939304,0.005177041948881858,0.000574155303559258,1773.9947768166833,1755.717491010787,1773.9167948358393,17.84400668727871,0.1884422110552764,0.9948229580511181,0.15081345694642748,0.0,0.0,-1.7583989819769386e-12,6.58716680895591,0.16554017878399785,0.16550670374261084,8.881784197001252e-16,0.003888888888888889,0.0,0.019230769230769232,0.010101010101010102,0.0,0.0,0.385,0.9992152697058329,0.003888888888888889,36,39.8,0.001,0.0046,7.3983,0.2055
78,0.16618087057892683,0.16666666666666666,0.16666666666666666,6.613998649041287,5.306666666666667,6.633333333333333,0.0,0.0002448283392138178,0.4810152177719899,0.0008900451903086117,0.5129137896673243,0.005180947370377013,0.0005089825231472634,1773.9947768166833,1755.717491010787,1773.925668690757,17.851719213807986,0.1884422110552764,0.994819052629623,0.1508066098263422,0.0,0.0,-1.5503431871621842e-12,6.588485311782064,0.1655695001273335,0.1655398319543232,-8.881784197001252e-16,0.003888888888888889,0.0,0.019230769230769232,0.010101010101010102,0.0,0.0,0.385,0.9992152697058329,0.003888888888888889,36,39.8,0.001,0.0046,7.3983,0.2055
79,0.16623592502812842,0.16666666666666666,0.16666666666666666,6.616189816119511,5.306666666666667,6.633333333333333,0.0,0.0002168988370106775,0.4807703894327761,0.0007887448444024137,0.5132564570655931,0.005184408657228213,0.00045114849370523773,1773.9947768166833,1755.717491010787,1773.9335386190678,17.85855797151126,0.1884422110552764,0.9948155913427718,0.1508005490663701,0.0,0.0,-1.3661294318012551e-12,6.589654925633008,0.16559551073182366,0.16556921923701023,-8.881784197001252e-16,0.003888888888888889,0.0,0.019230769230769232,0.010101010101010102,0.0,0.0,0.385,0.9992152697058329,0.003888888888888889,36,39.8,0.001,0.0046,7.3983,0.2055
80,0.16628479921550882,0.16666666666666666,0.16666666666666666,6.618135008777251,5.306666666666667,6.633333333333333,0.0,0.00019214430095891526,0.4805534905957654,0.0006989095752565969,0.513560123830688,0.0051874759982897785,0.00039983956982750173,1773.9947768166833,1755.717491010787,1773.940516946164,17.86462098793865,0.1884422110552764,0.9948125240017103,0.15079518420980442,0.0,0.0,-1.203315225239976e-12,6.59069224792487,0.16561857959701953,0.16559528261117762,-8.881784197001252e-16,0.003888888888888889,0.0,0.019230769230769232,0.010101010101010102,0.0,0.0,0.385,0.9992152697058329,0.003888888888888889,36,39.8,0.001,0.0046,7.3983,0.2055
81,0.16632817420360427,0.16666666666666666,0.16666666666666666,6.619861333303449,5.306666666666667,6.633333333333333,0.0,0.00017020622459872867,0.4803613462948065,0.0006192557080601689,0.5138292040171618,0.005190193979971332,0.0003543295602603921,1773.9947768166833,1755.717491010787,1773.9467037001998,17.86999550119017,0.1884422110552764,0.9948098060200287,0.15079043522328645,0.0,0.0,-1.0594858323997869e-12,6.5916120726218566,0.1656390356414041,0.16561839378446877,0.0,0.003888888888888889,0.0,0.019230769230769232,0.010101010101010102,0.0,0.0,0.385,0.9992152697058329,0.003888888888888889,36,39.8,0.001,0.0046,7.3983,0.2055
82,0.16636665875734083,0.16666666666666666,0.16666666666666666,6.6213930185421646,5.306666666666667,6.633333333333333,0.0,0.0001507660586062299,0.48019114007020774,0.0005486402684132764,0.5140676174647649,0.005192602196613788,0.00031397092954315377,1773.9947768166833,1755.717491010787,1773.9521878996816,17.874759102298185,0.1884422110552764,0.9948073978033862,0.15078623129597482,0.0,0.0,-9.32393051655822e-13,6.59242757596733,0.16565717182722173,0.16563888381827463,0.0,0.003888888888888889,0.0,0.019230769230769232,0.010101010101010102,0.0,0.0,0.385,0.9992152697058329,0.003888888888888889,36,39.8,0.001,0.0046,7.3983,0.2055
83,0.16640079641474492,0.16666666666666666,0.16666666666666666,6.622751697306848,5.306666666666667,6.633333333333333,0.0,0.0001335408717108549,0.4800403740116015,0.00048604622263656545,0.5142788439681041,0.005194735797657618,0.00027818675040784695,1773.9947768166833,1755.717491010787,1773.9570487191652,17.878980766580042,0.1884422110552764,0.9948052642023424,0.15078250977577842,0.0,0.0,-8.202327705930657e-13,6.593150485371029,0.16567324891188595,0.1656570473711314,0.0,0.003888888888888889,0.0,0.019230769230769232,0.010101010101010102,0.0,0.0,0.385,0.9992152697058329,0.003888888888888889,36,39.8,0.001,0.0046,7.3983,0.2055
84,0.16643107200232385,0.16666666666666666,0.16666666666666666,6.623956665692488,5.306666666666667,6.633333333333333,0.0,0.00011827945759534643,0.47990683313989063,0.0004305691188776448,0.5144659717638191,0.005196625977412316,0.00024646337461268965,1773.9947768166833,1755.717491010787,1773.9613565416569,17.88272178249986,0.1884422110552764,0.9948033740225877,0.150779215227648,0.0,0.0,-7.214229214014267e-13,6.593791232445862,0.1656874988478285,0.1656731465438659,0.0,0.003888888888888889,0.0,0.019230769230769232,0.010101010101010102,0.0,0.0,0.385,0.9992152697058329,0.003888888888888889,36,39.8,0.001,0.0046,7.3983,0.2055
85,0.16645791760578782,0.16666666666666666,0.16666666666666666,6.6250251207103545,5.306666666666667,6.633333333333333,0.0,0.00010475884763294372,0.4797885536822953,0.0003814050302427961,0.5146317408745871,0.005198300412874618,0.00021834378254532636,1773.9947768166833,1755.717491010787,1773.9651739064318,17.886036586481207,0.1884422110552764,0.9948016995871254,0.15077629860031505,0.0,0.0,-6.341593916658894e-13,6.5943590912697445,0.16570012785451926,0.16568741435351117,0.0,0.003888888888888889,0.0,0.019230769230769232,0.010101010101010102,0.0,0.0,0.385,0.9992152697058329,0.003888888888888889,36,39.8,0.001,0.0046,7.3983,0.2055
86,0.16648171801638456,0.16666666666666666,0.16666666666666666,6.625972377052105,5.306666666666667,6.633333333333333,0.0,9.278119157572436e-05,0.47968379483466234,0.0003378396994479858,0.5147785818112306,0.005199783654658895,0.00019342156765521801,1773.9947768166833,1755.717491010787,1773.9685563608841,17.888973511824968,0.1884422110552764,0.9948002163453411,0.15077371648922266,0.0,0.0,-5.573597139374442e-13,6.594862302980236,0.16571131918713994,0.16570005786382502,0.0,0.003888888888888889,0.0,0.019230769230769232,0.010101010101010102,0.0,0.0,0.385,0.9992152697058329,0.003888888888888889,36,39.8,0.001,0.0046,7.3983,0.2055
87,0.1665028156794632,0.16666666666666666,0.16666666666666666,6.626812064042635,5.306666666666667,6.633333333333333,0.0,8.217097080678196e-05,0.4795910136430866,0.0002992387856828268,0.5149086500955181,0.005201097475712304,0.000171335509776532,1773.9947768166833,1755.717491010787,1773.9715532247292,17.89157545951399,0.1884422110552764,0.9947989025242877,0.1507714304846751,0.0,0.0,-4.896916205865409e-13,6.595308187806069,0.16572123562634195,0.1657112610001525,0.0,0.003888888888888889,0.0,0.019230769230769232,0.010101010101010102,0.0,0.0,0.385,0.9992152697058329,0.003888888888888889,36,39.8,0.001,0.0046,7.3983,0.2055
88,0.1665215151757583,0.16666666666666666,0.16666666666666666,6.62755630399518,5.306666666666667,6.633333333333333,0.0,7.277251137416114e-05,0.47950884267227983,0.0002650391176129539,0.515023857028006,0.00520226118210107,0.00015176469107139594,1773.9947768166833,1755.717491010787,1773.9742082744983,17.893880498215598,0.1884422110552764,0.9947977388178989,0.1507694065954158,0.0,0.0,-4.3018366646663253e-13,6.5957032456106734,0.16573002171289886,0.1657211870756451,8.881784197001252e-16,0.003888888888888889,0.0,0.019230769230769232,0.010101010101010102,0.0,0.0,0.385,0.9992152697058329,0.003888888888888889,36,39.8,0.001,0.0046,7.3983,0.2055
89,0.16653808726791175,0.16666666666666666,0.16666666666666666,6.628215873262887,5.306666666666667,6.633333333333333,0.0,6.444776664066401e-05,0.47943607016090567,0.00023474086102652186,0.515125897088287,0.005203291889780676,0.00013442410918109357,1773.9947768166833,1755.717491010787,1773.9765603557867,17.895922400310756,0.1884422110552764,0.9947967081102194,0.15076761473893124,0.0,0.0,-3.777256285530939e-13,6.596053245976778,0.16573780575006047,0.16572998105469294,8.881784197001252e-16,0.003888888888888889,0.0,0.019230769230769232,0.010101010101010102,0.0,0.0,0.385,0.9992152697058329,0.003888888888888889,36,39.8,0.001,0.0046,7.3983,0.2055
90,0.1665527725454143,0.16666666666666666,0.16666666666666666,6.6288003473074895,5.306666666666667,6.633333333333333,0.0,5.70743419437307e-05,0.479371622394265,0.00020790051504576066,0.5152162723197823,0.00520420477090689,0.00011906074385185281,1773.9947768166833,1755.717491010787,1773.9786439302218,17.8977311202645,0.1884422110552764,0.9947957952290931,0.15076602829075508,0.0,0.0,-3.3159586187991863e-13,6.59636330880419,0.1657447015951629,0.16573777157799474,0.0,0.003888888888888889,0.0,0.019230769230769232,0.010101010101010102,0.0,0.0,0.385,0.9992152697058329,0.003888888888888889,36,39.8,0.001,0.0046,7.3983,0.2055
91,0.16656578470083536,0.16666666666666666,0.16666666666666666,6.629318231093246,5.306666666666667,6.633333333333333,0.0,5.0543736118119965e-05,0.47931454805232127,0.00018412465669391778,0.5152963140180749,0.005205013272909845,0.00010545003552156461,1773.9947768166833,1755.717491010787,1773.980489563597,17.899333221141635,0.1884422110552764,0.9947949867270901,0.1507646236859311,0.0,0.0,-2.9112823263233167e-13,6.596637976329559,0.16575081026065597,0.16574467277209948,0.0,0.003888888888888889,0.0,0.019230769230769232,0.010101010101010102,0.0,0.0,0.385,0.9992152697058329,0.003888888888888889,36,39.8,0.001,0.0046,7.3983,0.2055
92,0.16657731346920615,0.16666666666666666,0.16666666666666666,6.629777076074404,5.306666666666667,6.633333333333333,0.0,4.4759777061801484e-05,0.47926400431620314,0.00016306435965329194,0.515367202010902,0.005205729313241433,9.339273690220725e-05,1773.9947768166833,1755.717491010787,1773.982124361092,17.90075225458163,0.1884422110552764,0.9947942706867585,0.15076338006657852,0.0,0.0,-2.5549007354186415e-13,6.5968812774107315,0.16575622134324636,0.16575078586459124,-8.881784197001252e-16,0.003888888888888889,0.0,0.019230769230769232,0.010101010101010102,0.0,0.0,0.385,0.9992152697058329,0.003888888888888889,36,39.8,0.001,0.0046,7.3983,0.2055
93,0.16658752726096276,0.16666666666666666,0.16666666666666666,6.630183584986318,5.306666666666667,6.633333333333333,0.0,3.963723070509216e-05,0.47921924453914133,0.00014441021907214653,0.5154299817893685,0.005206363452417862,8.271210131223078e-05,1773.9947768166833,1755.717491010787,1773.9835723550018,17.902009099066017,0.1884422110552764,0.9947936365475821,0.15076227897020472,0.0,0.0,-2.2409851752058785e-13,6.5970967848516455,0.1657610142983823,0.1657562006244132,0.0,0.003888888888888889,0.0,0.019230769230769232,0.010101010101010102,0.0,0.0,0.385,0.9992152697058329,0.003888888888888889,36,39.8,0.001,0.0046,7.3983,0.2055
94,0.16659657551710116,0.16666666666666666,0.16666666666666666,6.630543705580626,5.306666666666667,6.633333333333333,0.0,3.510056476621973e-05,0.47917960730843623,0.00012788792013807059,0.5154855797237112,0.005206925047714254,7.325137428819326e-05,1773.9947768166833,1755.717491010787,1773.9848548499083,17.903122260870916,0.1884422110552764,0.9947930749522857,0.15076130405403287,0.0,0.0,-1.9656498650988397e-13,6.5972876664783655,0.16576525957585633,0.16576099664518507,0.0,0.003888888888888889,0.0,0.019230769230769232,0.010101010101010102,0.0,0.0,0.385,0.9992152697058329,0.003888888888888889,36,39.8,0.001,0.0046,7.3983,0.2055
95,0.16660459081328455,0.16666666666666666,0.16666666666666666,6.630862714368725,5.306666666666667,6.633333333333333,0.0,3.108285054114363e-05,0.47914450674367,0.00011325429373948508,0.5155348165729644,0.005207422389625902,6.487155775276822e-05,1773.9947768166833,1755.717491010787,1773.9859907297746,17.904108141668697,0.1884422110552764,0.9947925776103741,0.15076044085116308,0.0,0.0,-1.7238988014867118e-13,6.59745673061397,0.16576901963091284,0.16576524448778818,-1.7763568394002505e-15,0.003888888888888889,0.0,0.019230769230769232,0.010101010101010102,0.0,0.0,0.385,0.9992152697058329,0.003888888888888889,36,39.8,0.001,0.0046,7.3983,0.2055
96,0.16661169073765783,0.16666666666666666,0.16666666666666666,6.631145291358782,5.306666666666667,6.633333333333333,0.0,2.7524787684063377e-05,0.47911342389312883,0.0001002938078263845,0.5155784194760541,0.005207862822990444,5.7449418679204165e-05,1773.9947768166833,1755.717491010787,1773.986996731008,17.904981276359223,0.1884422110552764,0.9947921371770095,0.15075967655487266,0.0,0.0,-1.5115686480271506e-13,6.597606466540396,0.16577234982392242,0.16576900669699488,-8.881784197001252e-16,0.003888888888888889,0.0,0.019230769230769232,0.010101010101010102,0.0,0.0,0.385,0.9992152697058329,0.003888888888888889,36,39.8,0.001,0.0046,7.3983,0.2055
97,0.16661797956514224,0.16666666666666666,0.16666666666666666,6.63139558669266,5.306666666666667,6.633333333333333,0.0,2.4373838493129603e-05,0.47908589910544475,8.881544802240948e-05,0.5156170325920673,0.005208252854465324,5.0875716731886165e-05,1773.9947768166833,1755.717491010787,1773.9878876851453,17.90575454435376,0.1884422110552764,0.9947917471455346,0.15075899982779253,0.0,0.0,-1.324773624133968e-13,6.597739080479416,0.16577529922044706,0.165772338705513,8.881784197001252e-16,0.003888888888888889,0.0,0.019230769230769232,0.010101010101010102,0.0,0.0,0.385,0.9992152697058329,0.003888888888888889,36,39.8,0.001,0.0046,7.3983,0.2055
98,0.16662354974904411,0.16666666666666666,0.16666666666666666,6.631617280011955,5.306666666666667,6.633333333333333,0.0,2.158345963098155e-05,0.4790615252669516,7.86499456179354e-05,0.5156512265395559,0.0052085982478743,4.5053627754711485e-05,1773.9947768166833,1755.717491010787,1773.9886767344483,17.90643935720215,0.1884422110552764,0.9947914017521257,0.1507584006330777,0.0,0.0,-1.1612932837579137e-13,6.597856527573001,0.1657779113023665,0.16577528963751256,-8.881784197001252e-16,0.003888888888888889,0.0,0.019230769230769232,0.010101010101010102,0.0,0.0,0.385,0.9992152697058329,0.003888888888888889,36,39.8,0.001,0.0046,7.3983,0.2055
99,0.16662848324895632,0.16666666666666666,0.16666666666666666,6.631813633308461,5.306666666666667,6.633333333333333,0.0,1.9112420490620902e-05,0.4790399418073206,6.964731528638651e-05,0.5156815067686188,0.005208904108773925,3.989734221015812e-05,1773.9947768166833,1755.717491010787,1773.9893755233604,17.907045825155347,0.1884422110552764,0.994791095891226,0.1507578700850257,0.0,0.0,-1.017519402068956e-13,6.597960540295372,0.16578022459967298,0.1657779030224968,0.0,0.003888888888888889,0.0,0.019230769230769232,0.010101010101010102,0.0,0.0,0.385,0.9992152697058329,0.003888888888888889,36,39.8,0.001,0.0046,7.3983,0.2055
100,0.16663285271217143,0.16666666666666666,0.16666666666666666,6.631987537944423,5.306666666666667,6.633333333333333,0.0,1.6924198573179715e-05,0.47902082938683,6.167466872119043e-05,0.5157083209850041,0.0052091749594444835,3.533081973667724e-05,1773.9947768166833,1755.717491010787,1773.9899943684686,17.907582904985322,0.1884422110552764,0.9947908250405555,0.15075740031689264,0.0,0.0,-8.909539772616881e-14,6.598052653685132,0.16578227325156536,0.16578021742927468,0.0,0.003888888888888889,0.0,0.019230769230769232,0.010101010101010102,0.0,0.0,0.385,0.9992152697058329,0.003888888888888889,36,39.8,0.001,0.0046,7.3983,0.2055
101,0.16663672252418216,0.16666666666666666,0.16666666666666666,6.632141556462449,5.306666666666667,6.633333333333333,0.0,1.4986443284946278e-05,0.4790039051882568,5.461427390279609e-05,0.5157320657324618,0.005209414805378399,3.1286682890521215e-05,1773.9947768166833,1755.717491010787,1773.99054240934,17.908058531138316,0.1884422110552764,0.9947905851946216,0.15075698436392,0.0,0.0,-7.810418978237976e-14,6.598134227745677,0.16578408750458262,0.16578226702878587,0.0,0.003888888888888889,0.0,0.019230769230769232,0.010101010101010102,0.0,0.0,0.385,0.9992152697058329,0.003888888888888889,36,39.8,0.001,0.0046,7.3983,0.2055
102,0.16664014974231894,0.16666666666666666,0.16666666666666666,6.632277959744293,5.306666666666667,6.633333333333333,0.0,1.3270500496082285e-05,0.47898891874497185,4.836183289221056e-05,0.5157530922279143,0.005209627194221355,2.7705234874437465e-05,1773.9947768166833,1755.717491010787,1773.9910277423514,17.908479732071665,0.1884422110552764,0.9947903728057786,0.15075661605981538,0.0,0.0,-6.838973831690964e-14,6.59820646732574,0.16578569415470795,0.16578408209361156,0.0,0.003888888888888889,0.0,0.019230769230769232,0.010101010101010102,0.0,0.0,0.385,0.9992152697058329,0.003888888888888889,36,39.8,0.001,0.0046,7.3983,0.2055
103,0.16664318492516592,0.16666666666666666,0.16666666666666666,6.632398760021603,5.306666666666667,6.633333333333333,0.0,1.1750991042008848e-05,0.47897564824447575,4.2824953930210955e-05,0.5157717115335778,0.005209815268015935,2.4533587636611914e-05,1773.9947768166833,1755.717491010787,1773.9914575394014,17.908852733429207,0.1884422110552764,0.9947901847319841,0.15075628994513426,0.0,0.0,-5.981326545168031e-14,6.598270439758793,0.16578711693964004,0.16578568944117572,0.0,0.003888888888888889,0.0,0.019230769230769232,0.010101010101010102,0.0,0.0,0.385,0.9992152697058329,0.003888888888888889,36,39.8,0.001,0.0046,7.3983,0.2055
104,0.1666458728691104,0.16666666666666666,0.16666666666666666,6.632505740190593,5.306666666666667,6.633333333333333,0.0,1.0405437099237338e-05,0.47896389725343375,3.792179622158221e-05,0.515788199140841,0.0052099818095034415,2.172488815734585e-05,1773.9947768166833,1755.717491010787,1773.9918381531902,17.909183049523868,0.1884422110552764,0.9947900181904965,0.15075600118619062,0.0,0.0,-5.240252676230739e-14,6.598327090510318,0.16578837688676645,0.1657871128268924,-8.881784197001252e-16,0.003888888888888889,0.0,0.019230769230769232,0.010101010101010102,0.0,0.0,0.385,0.9992152697058329,0.003888888888888889,36,39.8,0.001,0.0046,7.3983,0.2055
105,0.16664825326220406,0.16666666666666666,0.16666666666666666,6.632600479835721,5.306666666666667,6.633333333333333,0.0,9.213931038736546e-06,0.4789534918163345,3.357986812353757e-05,0.5158027990323862,0.005210129283155414,1.9237632037704894e-05,1773.9947768166833,1755.717491010787,1773.9921752105702,17.909475564446144,0.1884422110552764,0.9947898707168445,0.1507557455032836,0.0,0.0,-4.593547764386585e-14,6.598377257055018,0.1657894926217771,0.16578837329283966,0.0,0.003888888888888889,0.0,0.019230769230769232,0.010101010101010102,0.0,0.0,0.385,0.9992152697058329,0.003888888888888889,36,39.8,0.001,0.0046,7.3983,0.2055
106,0.1666503612644468,0.16666666666666666,0.16666666666666666,6.632684378324982,5.306666666666667,6.633333333333333,0.0,8.158841959461986e-06,0.47894427788529575,2.973496155867617e-05,0.5158157272816138,0.00521025987153145,1.703505467376307e-05,1773.9947768166833,1755.717491010787,1773.9924736953092,17.909734603957396,0.1884422110552764,0.9947897401284685,0.15075551910716653,0.0,0.0,-4.010680676458378e-14,6.598421681181984,0.16579048064231955,0.16578948947693425,-8.881784197001252e-16,0.003888888888888889,0.0,0.019230769230769232,0.010101010101010102,0.0,0.0,0.385,0.9992152697058329,0.003888888888888889,36,39.8,0.001,0.0046,7.3983,0.2055
107,0.1666522280226382,0.16666666666666666,0.16666666666666666,6.632758675301,5.306666666666667,6.633333333333333,0.0,7.2245556395473535e-06,0.4789361190433363,2.633020735643076e-05,0.515827175241814,0.005210375507493067,1.5084591352137392e-05,1773.9947768166833,1755.717491010787,1773.9927380214513,17.909963999212984,0.1884422110552764,0.994789624492507,0.15075531864280944,0.0,0.0,-3.519406988061746e-14,6.598461019904085,0.16579135556061586,0.16579047788703732,0.0,0.003888888888888889,0.0,0.019230769230769232,0.010101010101010102,0.0,0.0,0.385,0.9992152697058329,0.003888888888888889,36,39.8,0.001,0.0046,7.3983,0.2055
108,0.1666538811270702,0.16666666666666666,0.16666666666666666,6.632824468857393,5.306666666666667,6.633333333333333,0.0,6.397244119414433e-06,0.4789288944876967,2.3315237912921703e-05,0.5158373123716462,0.005210477902743898,1.3357398547142311e-05,1773.9947768166833,1755.717491010787,1773.9929720983403,17.91016714323464,0.1884422110552764,0.9947895220972561,0.15075514113961777,0.0,0.0,-3.072542220650121e-14,6.5984958551285935,0.1657921303185316,0.1657913531439345,-8.881784197001252e-16,0.003888888888888889,0.0,0.019230769230769232,0.010101010101010102,0.0,0.0,0.385,0.9992152697058329,0.003888888888888889,36,39.8,0.001,0.0046,7.3983,0.2055
109,0.16665534501654647,0.16666666666666666,0.16666666666666666,6.632882731658549,5.306666666666667,6.633333333333333,0.0,5.664661555675338e-06,0.47892249724357727,2.0645445066199915e-05,0.5158462887382427,0.005210568573113559,1.1827929546592846e-05,1773.9947768166833,1755.717491010787,1773.9931793882447,17.910347040950775,0.1884422110552764,0.9947894314268865,0.15075498396736192,0.0,0.0,-2.6895152771544417e-14,6.59852670222854,0.1657928163781992,0.165792128196697,0.0,0.003888888888888889,0.0,0.019230769230769232,0.010101010101010102,0.0,0.0,0.385,0.9992152697058329,0.003888888888888889,36,39.8,0.001,0.0046,7.3983,0.2055
110,0.16665664133751257,0.16666666666666666,0.16666666666666666,6.632934325232999,5.306666666666667,6.633333333333333,0.0,5.015963362620019e-06,0.4789168325820216,1.8281322429464174e-05,0.5158542372345931,0.005210648860955483,1.0473558291064994e-05,1773.9947768166833,1755.717491010787,1773.9933629574193,17.91050635353862,0.1884422110552764,0.9947893511390445,0.1507548447971643,0.0,0.0,-2.353672812205332e-14,6.598554017638984,0.16579342389095664,0.16579281451354233,8.881784197001252e-16,0.003888888888888889,0.0,0.019230769230769232,0.010101010101010102,0.0,0.0,0.385,0.9992152697058329,0.003888888888888889,36,39.8,0.001,0.0046,7.3983,0.2055
111,0.16665778926244362,0.16666666666666666,0.16666666666666666,6.632980012645255,5.306666666666667,6.633333333333333,0.0,4.4415459942339475e-06,0.478911816618659,1.6187882625070347e-05,0.5158612755437285,0.0052107199549871535,9.274245988736165e-06,1773.9947768166833,1755.717491010787,1773.9935255213522,17.910647437708263,0.1884422110552764,0.9947892800450129,0.15075472156696046,0.0,0.0,-2.0539125955565396e-14,6.598578205588391,0.1657939618470521,0.1657934222509646,0.0,0.003888888888888889,0.0,0.019230769230769232,0.010101010101010102,0.0,0.0,0.385,0.9992152697058329,0.003888888888888889,36,39.8,0.001,0.0046,7.3983,0.2055
112,0.16665880577207323,0.16666666666666666,0.16666666666666666,6.633020469728514,5.306666666666667,6.633333333333333,0.0,3.932905018532693e-06,0.4789073750726648,1.4334140931776938e-05,0.5158675078785392,0.0052107829078640285,8.21224567263336e-06,1773.9947768166833,1755.717491010787,1773.9936694848507,17.91077238050676,0.1884422110552764,0.994789217092136,0.1507546124509217,0.0,0.0,-1.7985612998927536e-14,6.598599624063125,0.16579443820829382,0.16579396040359612,0.0,0.003888888888888889,0.0,0.019230769230769232,0.010101010101010102,0.0,0.0,0.385,0.9992152697058329,0.003888888888888889,36,39.8,0.001,0.0046,7.3983,0.2055
113,0.16665970590553836,0.16666666666666666,0.16666666666666666,6.633056295040427,5.306666666666667,6.633333333333333,0.0,3.482509401548081e-06,0.47890344216764624,1.2692657810174155e-05,0.5158730265227979,0.00521083865174543,7.271840406461276e-06,1773.9947768166833,1755.717491010787,1773.9937969775553,17.910883030150785,0.1884422110552764,0.9947891613482546,0.15075451583238397,0.0,0.0,-1.5681900222830336e-14,6.598618590091974,0.16579486002557792,0.16579443693698426,-8.881784197001252e-16,0.003888888888888889,0.0,0.019230769230769232,0.010101010101010102,0.0,0.0,0.385,0.9992152697058329,0.003888888888888889,36,39.8,0.001,0.0046,7.3983,0.2055
114,0.16666050298206345,0.16666666666666666,0.16666666666666666,6.6330880186861245,5.306666666666667,6.633333333333333,0.0,3.0836901541671385e-06,0.47889995965824467,1.1239133618876731e-05,0.5158779131960548,0.005210888012081359,6.439111325813723e-06,1773.9947768166833,1755.717491010787,1773.9939098854024,17.910981023339332,0.1884422110552764,0.9947891119879186,0.15075443027988028,0.0,0.0,-1.3766765505351941e-14,6.598635384427938,0.1657952335430119,0.1657948589052246,8.881784197001252e-16,0.003888888888888889,0.0,0.019230769230769232,0.010101010101010102,0.0,0.0,0.385,0.9992152697058329,0.003888888888888889,36,39.8,0.001,0.0046,7.3983,0.2055
115,0.16666120879740268,0.16666666666666666,0.16666666666666666,6.633116110136626,5.306666666666667,6.633333333333333,0.0,2.7305417044513458e-06,0.4788968759680905,9.952049587925141e-06,0.5158822402624981,0.00521093171982321,5.701732129556187e-06,1773.9947768166833,1755.717491010787,1773.9940098784937,17.911067809445274,0.1884422110552764,0.9947890682801768,0.15075435452592106,0.0,0.0,-1.1907141939104804e-14,6.59865025569576,0.1657955642901561,0.16579523255516984,-8.881784197001252e-16,0.003888888888888889,0.0,0.019230769230769232,0.010101010101010102,0.0,0.0,0.385,0.9992152697058329,0.003888888888888889,36,39.8,0.001,0.0046,7.3983,0.2055
116,0.16666183379789928,0.16666666666666666,0.16666666666666666,6.633140985156391,5.306666666666667,6.633333333333333,0.0,2.4178345439545917e-06,0.47889414542638603,8.812349785961155e-06,0.5158860718015894,0.005210970422238274,5.0487870170178416e-06,1773.9947768166833,1755.717491010787,1773.9940984357816,17.911144671945443,0.1884422110552764,0.9947890295777617,0.15075428744820632,0.0,0.0,-1.0436096431476471e-14,6.598663424065947,0.16579585716373524,0.16579556341874238,-8.881784197001252e-16,0.003888888888888889,0.0,0.019230769230769232,0.010101010101010102,0.0,0.0,0.385,0.9992152697058329,0.003888888888888889,36,39.8,0.001,0.0046,7.3983,0.2055
117,0.16666238723470156,0.16666666666666666,0.16666666666666666,6.633163011941122,5.306666666666667,6.633333333333333,0.0,2.140937861511923e-06,0.47889172759184206,7.803159413153074e-06,0.515889464556257,0.005211004692487442,4.470609405340653e-06,1773.9947768166833,1755.717491010787,1773.9941768669369,17.911212747400945,0.1884422110552764,0.9947889953075125,0.15075422805299185,0.0,0.0,-9.103828801926284e-15,6.598675084509247,0.16579611650001846,0.16579585639470468,-8.881784197001252e-16,0.003888888888888889,0.0,0.019230769230769232,0.010101010101010102,0.0,0.0,0.385,0.9992152697058329,0.003888888888888889,36,39.8,0.001,0.0046,7.3983,0.2055
118,0.1666628773003869,0.16666666666666666,0.16666666666666666,6.633182516555398,5.306666666666667,6.633333333333333,0.0,1.8957510243095655e-06,0.47888958665398057,6.909535280661024e-06,0.5158924687726311,0.005211035038107382,3.958639062409456e-06,1773.9947768166833,1755.717491010787,1773.9942463317163,17.911273042266956,0.1884422110552764,0.9947889649618926,0.15075417546036118,0.0,0.0,-7.965850201685498e-15,6.598685409679301,0.16579634613893066,0.16579611582108797,0.0,0.003888888888888889,0.0,0.019230769230769232,0.010101010101010102,0.0,0.0,0.385,0.9992152697058329,0.003888888888888889,36,39.8,0.001,0.0046,7.3983,0.2055
119,0.16666331124999506,0.16666666666666666,0.16666666666666666,6.633199787749803,5.306666666666667,6.633333333333333,0.0,1.6786428958421165e-06,0.47888769090295624,6.118244806935746e-06,0.5158951289437141,0.005211061908522363,3.5052955582904793e-06,1773.9947768166833,1755.717491010787,1773.9943078571155,17.911326447782184,0.1884422110552764,0.9947889380914776,0.15075412889118558,0.0,0.0,-6.994405055138486e-15,6.598694552465895,0.16579654948083766,0.1657963455393441,0.0,0.003888888888888889,0.0,0.019230769230769232,0.010101010101010102,0.0,0.0,0.385,0.9992152697058329,0.003888888888888889,36,39.8,0.001,0.0046,7.3983,0.2055
120,0.16666369550824306,0.16666666666666666,0.16666666666666666,6.633215081228073,5.306666666666667,6.633333333333333,0.0,1.486398095463041e-06,0.4788860122600604,5.417570277858406e-06,0.5158974844679648,0.005211085701696612,3.103866175685767e-06,1773.9947768166833,1755.717491010787,1773.994362352562,17.911373753155036,0.1884422110552764,0.9947889142983034,0.15075408765557824,0.0,0.0,-6.106226635438361e-15,6.598702648256379,0.16579672953684124,0.1657965489511653,0.0,0.003888888888888889,0.0,0.019230769230769232,0.010101010101010102,0.0,0.0,0.385,0.9992152697058329,0.003888888888888889,36,39.8,0.001,0.0046,7.3983,0.2055
121,0.16666403576449532,0.16666666666666666,0.16666666666666666,6.6332286234269136,5.306666666666667,6.633333333333333,0.0,1.3161694062859956e-06,0.47888452586196495,4.797135487487622e-06,0.5158995702325218,0.0052111067700254705,2.74840663084063e-06,1773.9947768166833,1755.717491010787,1773.9944106233706,17.911415657241943,0.1884422110552764,0.9947888932299745,0.15075405114267126,0.0,0.0,-5.3013149425851225e-15,6.598709816938527,0.16579688897332345,0.16579672906880719,-1.7763568394002505e-15,0.003888888888888889,0.0,0.019230769230769232,0.010101010101010102,0.0,0.0,0.385,0.9992152697058329,0.003888888888888889,36,39.8,0.001,0.0046,7.3983,0.2055
122,0.16666433705688413,0.16666666666666666,0.16666666666666666,6.633240614863988,5.306666666666667,6.633333333333333,0.0,1.165435628662758e-06,0.47888320969255865,4.247752204195099e-06,0.5159014171296844,0.005211125425552366,2.4336531435523985e-06,1773.9947768166833,1755.717491010787,1773.9944533826608,17.91145277888828,0.1884422110552764,0.9947888745744476,0.15075401881156422,0.0,0.0,-4.6074255521944e-15,6.598716164674378,0.1657970301513979,0.16579688855965774,0.0,0.003888888888888889,0.0,0.019230769230769232,0.010101010101010102,0.0,0.0,0.385,0.9992152697058329,0.003888888888888889,36,39.8,0.001,0.0046,7.3983,0.2055
123,0.16666460384681686,0.16666666666666666,0.16666666666666666,6.63325123310331,5.306666666666667,6.633333333333333,0.0,1.031964256652628e-06,0.47888204425693,3.7612841978930955e-06,0.515903052514283,0.005211141944588716,2.1549445610430073e-06,1773.9947768166833,1755.717491010787,1773.9944912619076,17.911485666087845,0.1884422110552764,0.9947888580554113,0.15075399018330948,0.0,0.0,-3.969047313034935e-15,6.598721785471202,0.16579715516184854,0.1657970297857086,-8.881784197001252e-16,0.003888888888888889,0.0,0.019230769230769232,0.010101010101010102,0.0,0.0,0.385,0.9992152697058329,0.003888888888888889,36,39.8,0.001,0.0046,7.3983,0.2055
124,0.1666648400849667,0.16666666666666666,0.16666666666666666,6.633260635381674,5.306666666666667,6.633333333333333,0.0,9.137784259677001e-07,0.4788810122926733,3.3305268220317424e-06,0.5159045006086992,0.0052111565718050415,1.90815338781742e-06,1773.9947768166833,1755.717491010787,1773.9945248202885,17.911514804094846,0.1884422110552764,0.994788843428195,0.15075396483381584,0.0,0.0,-3.469446951953614e-15,6.598726762572758,0.16579726585607224,0.1657971548385115,0.0,0.003888888888888889,0.0,0.019230769230769232,0.010101010101010102,0.0,0.0,0.385,0.9992152697058329,0.003888888888888889,36,39.8,0.001,0.0046,7.3983,0.2055
125,0.16666504926971856,0.16666666666666666,0.16666666666666666,6.633268960934799,5.306666666666667,6.633333333333333,0.0,8.091276448589064e-07,0.47888009851424734,2.949100372764876e-06,0.5159057828615257,0.0052111695238537935,1.6896247043242573e-06,1773.9947768166833,1755.717491010787,1773.994554552961,17.911540622605372,0.1884422110552764,0.9947888304761462,0.15075394238756518,0.0,0.0,-3.0808688933348094e-15,6.598731169691387,0.1657973638734811,0.16579726557013535,0.0,0.003888888888888889,0.0,0.019230769230769232,0.010101010101010102,0.0,0.0,0.385,0.9992152697058329,0.003888888888888889,36,39.8,0.001,0.0046,7.3983,0.2055
126,0.16666523449893156,0.16666666666666666,0.16666666666666666,6.633276333057475,5.306666666666667,6.633333333333333,0.0,7.164618752147839e-07,0.47887928938660246,2.6113556504374416e-06,0.5159069182651692,0.005211180992577466,1.4961220731272416e-06,1773.9947768166833,1755.717491010787,1773.994580898391,17.91156350211907,0.1884422110552764,0.9947888190074226,0.15075392251204886,0.0,0.0,-2.6922908347160046e-15,6.598735072099139,0.16579745066576976,0.1657973636205814,0.0,0.003888888888888889,0.0,0.019230769230769232,0.010101010101010102,0.0,0.0,0.385,0.9992152697058329,0.003888888888888889,36,39.8,0.001,0.0046,7.3983,0.2055
127,0.16666539851578108,0.16666666666666666,0.16666666666666666,6.6332828609280865,5.306666666666667,6.633333333333333,0.0,6.344085805914954e-07,0.47887857292472724,2.312290328259887e-06,0.5159079236370946,0.00521119114784944,1.324779634045592e-06,1773.9947768166833,1755.717491010787,1773.9946042448432,17.91158377957085,0.1884422110552764,0.9947888088521506,0.15075390491284138,0.0,0.0,-2.275957200481571e-15,6.59873852759403,0.16579752751840535,0.16579745044206107,0.0,0.003888888888888889,0.0,0.019230769230769232,0.010101010101010102,0.0,0.0,0.385,0.9992152697058329,0.003888888888888889,36,39.8,0.001,0.0046,7.3983,0.2055
128,0.16666554374935694,0.16666666666666666,0.16666666666666666,6.633288641224405,5.306666666666667,6.633333333333333,0.0,5.617524017005432e-07,0.47887793851614663,2.0474748923058707e-06,0.515908813868871,0.005211200140089605,1.1730596808054924e-06,1773.9947768166833,1755.717491010787,1773.9946249361292,17.911601753320866,0.1884422110552764,0.9947887998599104,0.15075388932923828,0.0,0.0,-1.9984014443252818e-15,6.59874158735572,0.16579759556965856,0.16579752732049552,8.881784197001252e-16,0.003888888888888889,0.0,0.019230769230769232,0.010101010101010102,0.0,0.0,0.385,0.9992152697058329,0.003888888888888889,36,39.8,0.001,0.0046,7.3983,0.2055
129,0.16666567235061713,0.16666666666666666,0.16666666666666666,6.633293759554562,5.306666666666667,6.633333333333333,0.0,4.974171586903708e-07,0.4788773767637449,1.8129870581096862e-06,0.5159096021467046,0.005211208102491964,1.0387150924771553e-06,1773.9947768166833,1755.717491010787,1773.994643276698,17.911617687569798,0.1884422110552764,0.994788791897508,0.15075387553039415,0.0,0.0,-1.8318679906315083e-15,6.59874429670327,0.16579765582745648,0.16579759539455452,-8.881784197001252e-16,0.003888888888888889,0.0,0.019230769230769232,0.010101010101010102,0.0,0.0,0.385,0.9992152697058329,0.003888888888888889,36,39.8,0.001,0.0046,7.3983,0.2055
130,0.16666578622422748,0.16666666666666666,0.16666666666666666,6.633298291724254,5.306666666666667,6.633333333333333,0.0,4.4044991393795924e-07,0.47887687934658624,1.6053536942018457e-06,0.5159103001467219,0.0052112151529971895,9.197560645210947e-07,1773.9947768166833,1755.717491010787,1773.9946595361425,17.911631816271022,0.1884422110552764,0.9947887848470028,0.1507538633119026,0.0,0.0,-1.4988010832439613e-15,6.598746695766144,0.165797709184306,0.1657976556725162,8.881784197001252e-16,0.003888888888888889,0.0,0.019230769230769232,0.010101010101010102,0.0,0.0,0.385,0.9992152697058329,0.003888888888888889,36,39.8,0.001,0.0046,7.3983,0.2055
131,0.16666588705675756,0.16666666666666666,0.16666666666666666,6.63330230485895,5.306666666666667,6.633333333333333,0.0,3.900068595207199e-07,0.4788764388966723,1.4214993937279758e-06,0.5159109182078941,0.0052112213960393335,8.144206476712297e-07,1773.9947768166833,1755.717491010787,1773.9946739531906,17.911644346594,0.1884422110552764,0.9947887786039606,0.15075385249276782,0.0,0.0,-1.3322676295501878e-15,6.5987488200784234,0.16579775643050967,0.16579770904719654,-1.7763568394002505e-15,0.003888888888888889,0.0,0.019230769230769232,0.010101010101010102,0.0,0.0,0.385,0.9992152697058329,0.003888888888888889,36,39.8,0.001,0.0046,7.3983,0.2055
132,0.16666597634165037,0.16666666666666666,0.16666666666666666,6.6333058583976845,5.306666666666667,6.633333333333333,0.0,3.4534082051453133e-07,0.4788760488898128,1.258700933465594e-06,0.5159114654851608,0.005211226924092531,7.21148659063533e-07,1773.9947768166833,1755.717491010787,1773.9946867392398,17.911655461991458,0.1884422110552764,0.9947887730759075,0.15075384291272362,0.0,0.0,-1.1934897514720433e-15,6.598750701104984,0.16579779826586827,0.16579775630917049,8.881784197001252e-16,0.003888888888888889,0.0,0.019230769230769232,0.010101010101010102,0.0,0.0,0.385,0.9992152697058329,0.003888888888888889,36,39.8,0.001,0.0046,7.3983,0.2055
133,0.16666605540133372,0.16666666666666666,0.16666666666666666,6.633309004973082,5.306666666666667,6.633333333333333,0.0,3.0579018915707203e-07,0.4788757035489923,1.114546946521283e-06,0.5159119500850201,0.0052112318190406055,6.385585797960358e-07,1773.9947768166833,1755.717491010787,1773.9946980814868,17.911665324916562,0.1884422110552764,0.9947887681809594,0.15075383442985904,0.0,0.0,-1.0269562977782698e-15,6.598752366707446,0.16579783531004344,0.16579779815847856,0.0,0.003888888888888889,0.0,0.019230769230769232,0.010101010101010102,0.0,0.0,0.385,0.9992152697058329,0.003888888888888889,36,39.8,0.001,0.0046,7.3983,0.2055
134,0.1666661254068008,0.16666666666666666,0.16666666666666666,6.633311791190672,5.306666666666667,6.633333333333333,0.0,2.7076912607813084e-07,0.4788753977588031,9.869022120311895e-07,0.5159123791855945,0.005211236153389842,5.654270972060045e-07,1773.9947768166833,1755.717491010787,1773.9947081457003,17.911674079225175,0.1884422110552764,0.9947887638466102,0.15075382691851613,0.0,0.0,-9.159339953157541e-16,6.598753841556774,0.16579786811173472,0.1657978352149943,-8.881784197001252e-16,0.003888888888888889,0.0,0.019230769230769232,0.010101010101010102,0.0,0.0,0.385,0.9992152697058329,0.003888888888888889,36,39.8,0.001,0.0046,7.3983,0.2055
135,0.1666661873949495,0.16666666666666666,0.16666666666666666,6.63331425831899,5.306666666666667,6.633333333333333,0.0,2.397588835418405e-07,0.47887512698967705,8.738760334305244e-07,0.5159127591429461,0.005211239991342888,5.006709892180492e-07,1773.9947768166833,1755.717491010787,1773.994717078672,17.911681852308096,0.1884422110552764,0.9947887600086571,0.15075382026742845,0.0,0.0,-7.771561172376096e-16,6.598755147498634,0.165797897156805,0.16579786802760388,-8.881784197001252e-16,0.003888888888888889,0.0,0.019230769230769232,0.010101010101010102,0.0,0.0,0.385,0.9992152697058329,0.003888888888888889,36,39.8,0.001,0.0046,7.3983,0.2055
136,0.16666624228393656,0.16666666666666666,0.16666666666666666,6.633316442900675,5.306666666666667,6.633333333333333,0.0,2.1230012224590508e-07,0.4788748872307935,7.737942373049387e-07,0.5159130955852189,0.005211243389749685,4.4333108272513595e-07,1773.9947768166833,1755.717491010787,1773.9947250103926,17.91168875697595,0.1884422110552764,0.9947887566102503,0.15075381437807273,0.0,0.0,-6.106226635438361e-16,6.598756303876934,0.16579792287547623,0.165797897082335,-1.7763568394002505e-15,0.003888888888888889,0.0,0.019230769230769232,0.010101010101010102,0.0,0.0,0.385,0.9992152697058329,0.003888888888888889,36,39.8,0.001,0.0046,7.3983,0.2055
137,0.16666629088677415,0.16666666666666666,0.16666666666666666,6.633318377293611,5.306666666666667,6.633333333333333,0.0,1.8798610792457637e-07,0.47887467493067126,6.85174378376701e-07,0.5159133934960003,0.005211246398949497,3.92558048620533e-07,1773.9947768166833,1755.717491010787,1773.994732055975,17.911694893128363,0.1884422110552764,0.9947887536010505,0.1507538091632094,0.0,0.0,-5.828670879282072e-16,6.598757327820295,0.1657979456487011,0.16579792280955516,-8.881784197001252e-16,0.003888888888888889,0.0,0.019230769230769232,0.010101010101010102,0.0,0.0,0.385,0.9992152697058329,0.003888888888888889,36,39.8,0.001,0.0046,7.3983,0.2055
138,0.16666633392337,0.16666666666666666,0.16666666666666666,6.633320090150125,5.306666666666667,6.633333333333333,0.0,1.6645668702220817e-07,0.47887448694456336,6.067037835992269e-07,0.515913657288136,0.005211249063516524,3.475998232528056e-07,1773.9947768166833,1755.717491010787,1773.9947383173576,17.911700349233985,0.1884422110552764,0.9947887509364834,0.15075380454559054,0.0,0.0,-4.718447854656915e-16,6.598758234495753,0.16579796581380501,0.16579794559034555,0.0,0.003888888888888889,0.0,0.019230769230769232,0.010101010101010102,0.0,0.0,0.385,0.9992152697058329,0.003888888888888889,36,39.8,0.001,0.0046,7.3983,0.2055
139,0.16666637203118842,0.16666666666666666,0.16666666666666666,6.633321606841299,5.306666666666667,6.633333333333333,0.0,1.4739295223481488e-07,0.4788743204878763,5.372201103328468e-07,0.5159138908690927,0.005211251422920127,3.077904701272167e-07,1773.9947768166833,1755.717491010787,1773.9947438848146,17.911705203638476,0.1884422110552764,0.9947887485770799,0.150753800456815,0.0,0.0,-4.440892098500626e-16,6.598759037333375,0.16579798366948212,0.16579796576214512,0.0,0.003888888888888889,0.0,0.019230769230769232,0.010101010101010102,0.0,0.0,0.385,0.9992152697058329,0.003888888888888889,36,39.8,0.001,0.0046,7.3983,0.2055
140,0.1666664057746914,0.16666666666666666,0.16666666666666666,6.633322949832718,5.306666666666667,6.633333333333333,0.0,1.3051251892840396e-07,0.4788741730949241,4.7569413077155463e-07,0.5159140976988351,0.005211253512109445,2.725403169791187e-07,1773.9947768166833,1755.717491010787,1773.9947488382907,17.911709525724763,0.1884422110552764,0.9947887464878905,0.15075379683631573,0.0,0.0,-3.885780586188048e-16,6.598759748225185,0.1657979994802194,0.16579798362374837,-8.881784197001252e-16,0.003888888888888889,0.0,0.019230769230769232,0.010101010101010102,0.0,0.0,0.385,0.9992152697058329,0.003888888888888889,36,39.8,0.001,0.0046,7.3983,0.2055
141,0.1666664356536983,0.16666666666666666,0.16666666666666666,6.6333241390171915,5.306666666666667,6.633333333333333,0.0,1.1556534248574876e-07,0.4788740425824052,4.212144877332429e-07,0.5159142808410755,0.0052112553620310646,2.4132722221180354e-07,1773.9947768166833,1755.717491010787,1773.9947532485846,17.91171337693915,0.1884422110552764,0.994788744637969,0.15075379363046224,0.0,0.0,-3.608224830031759e-16,6.598760377701296,0.165798013480214,0.1657979994397311,0.0,0.003888888888888889,0.0,0.019230769230769232,0.010101010101010102,0.0,0.0,0.385,0.9992152697058329,0.003888888888888889,36,39.8,0.001,0.0046,7.3983,0.2055
142,0.16666646211078828,0.16666666666666666,0.16666666666666666,6.633325192009373,5.306666666666667,6.633333333333333,0.0,1.0233001464131459e-07,0.4788739270170627,3.7297419610050836e-07,0.5159144430086533,0.005211257000087406,2.1368884140077325e-07,1773.9947768166833,1755.717491010787,1773.9947571783969,17.911716811700675,0.1884422110552764,0.9947887429999126,0.15075379079176615,0.0,0.0,-3.0531133177191805e-16,6.598760935085874,0.1657980258768419,0.1657980134443687,0.0,0.003888888888888889,0.0,0.019230769230769232,0.010101010101010102,0.0,0.0,0.385,0.9992152697058329,0.003888888888888889,36,39.8,0.001,0.0046,7.3983,0.2055
143,0.16666648553785549,0.16666666666666666,0.16666666666666666,6.633326124406648,5.306666666666667,6.633333333333333,0.0,9.061048395559153e-08,0.4788738246870481,3.302586900360697e-07,0.5159145866037188,0.0052112584505426135,1.8921577936486083e-07,1773.9947768166833,1755.717491010787,1773.994760683257,17.911719878206625,0.1884422110552764,0.9947887415494574,0.15075378827817795,0.0,0.0,-2.498001805406602e-16,6.598761428635242,0.16579803685372957,0.16579802584510658,0.0,0.003888888888888889,0.0,0.019230769230769232,0.010101010101010102,0.0,0.0,0.385,0.9992152697058329,0.003888888888888889,36,39.8,0.001,0.0046,7.3983,0.2055
144,0.1666665062819132,0.16666666666666666,0.16666666666666666,6.6333269500201455,5.306666666666667,6.633333333333333,0.0,8.023315185995205e-08,0.47887373407656414,2.924352389776341e-07,0.5159147137533144,0.005211259734881964,1.6754552641035868e-07,1773.9947768166833,1755.717491010787,1773.994763812346,17.91172261914469,0.1884422110552764,0.994788740265118,0.15075378605246384,0.0,0.0,-1.942890293094024e-16,6.598761865660174,0.1657980465734738,0.1657980368256325,-1.7763568394002505e-15,0.003888888888888889,0.0,0.019230769230769232,0.010101010101010102,0.0,0.0,0.385,0.9992152697058329,0.003888888888888889,36,39.8,0.001,0.0046,7.3983,0.2055
145,0.16666652465023366,0.16666666666666666,0.16666666666666666,6.633327681079299,5.306666666666667,6.633333333333333,0.0,7.104430126418806e-08,0.4788736538434123,2.589435756796173e-07,0.5159148263408815,0.005211260872130115,1.4835708896071145e-07,1773.9947768166833,1755.717491010787,1773.9947666092228,17.91172507232356,0.1884422110552764,0.9947887391278699,0.1507537840816544,0.0,0.0,-1.6653345369377348e-16,6.598762252634182,0.16579805518005006,0.16579804654859753,-8.881784197001252e-16,0.003888888888888889,0.0,0.019230769230769232,0.010101010101010102,0.0,0.0,0.385,0.9992152697058329,0.003888888888888889,36,39.8,0.001,0.0046,7.3983,0.2055
146,0.16666654091489919,0.16666666666666666,0.16666666666666666,6.633328328412987,5.306666666666667,6.633333333333333,0.0,6.2907819643337e-08,0.478873582799111,2.292875975128431e-07,0.5159149260341581,0.00521126187913291,1.3136623506276609e-07,1773.9947768166833,1755.717491010787,1773.9947691124676,17.91172727123288,0.1884422110552764,0.9947887381208671,0.1507537823365561,0.0,0.0,-1.3877787807814457e-16,6.598762595289398,0.165798062800945,0.1657980551580251,0.0,0.003888888888888889,0.0,0.019230769230769232,0.010101010101010102,0.0,0.0,0.385,0.9992152697058329,0.003888888888888889,36,39.8,0.001,0.0046,7.3983,0.2055
147,0.16666655531683214,0.16666666666666666,0.16666666666666666,6.633328901609919,5.306666666666667,6.633333333333333,0.0,5.570318288111492e-08,0.4788735198912914,2.0302801812340777e-07,0.5159150143098832,0.0052112627708069004,1.1632128436285232e-07,1773.9947768166833,1755.717491010787,1773.9947713562535,17.911729245537718,0.1884422110552764,0.9947887372291931,0.15075378079131882,0.0,0.0,-1.6653345369377348e-16,6.598762898701484,0.1657980695490449,0.16579806278144432,0.0,0.003888888888888889,0.0,0.019230769230769232,0.010101010101010102,0.0,0.0,0.385,0.9992152697058329,0.003888888888888889,36,39.8,0.001,0.0046,7.3983,0.2055
148,0.16666656806936336,0.16666666666666666,0.16666666666666666,6.633329409160662,5.306666666666667,6.633333333333333,0.0,4.932367000875306e-08,0.4788734641881085,1.7977586062319745e-07,0.5159150924756701,0.005211263560360304,1.0299938020657999e-07,1773.9947768166833,1755.717491010787,1773.9947733708511,17.911731021517067,0.1884422110552764,0.9947887364396397,0.1507537794230531,0.0,0.0,-1.3877787807814457e-16,6.598763167364804,0.1657980755243077,0.165798069531779,0.0,0.003888888888888889,0.0,0.019230769230769232,0.010101010101010102,0.0,0.0,0.385,0.9992152697058329,0.003888888888888889,36,39.8,0.001,0.0046,7.3983,0.2055
149,0.16666657936139206,0.16666666666666666,0.16666666666666666,6.633329858583403,5.306666666666667,6.633333333333333,0.0,0.0,0.4788734148644385,1.591866959451515e-07,0.5159151616893765,0.005211264259488651,9.120318865430992e-08,1773.9947768166833,1755.717491010787,1773.9947751830757,17.91173262245158,0.1884422110552764,0.9947887357405113,0.15075377821149086,0.0,0.0,-1.3877787807814457e-16,6.598763405259008,0.1657980808152435,0.16579807550902032,8.881784197001252e-16,0.003888888888888889,0.0,0.019230769230769232,0.010101010101010102,0.0,0.0,0.385,0.9992152697058329,0.003888888888888889,36,39.8,0.001,0.0046,7.3983,0.2055
