,Q4-2015,Q4-2015,Q2-2016,Q2-2016,Q4-2016,Q4-2016,Q2-2017,Q2-2017,Q4-2017,Q4-2017,Q2-2018,Q2-2018,Q4-2018,Q4-2018,Q2-2019,Q2-2019,Q4-2019,Q4-2019,Q4-2020,Q4-2020,Q2-2021,Q2-2021,Q4-2021,Q4-2021,Q2-2022,Q2-2022,Q4-2022,Q4-2022,Q2-2023,Q2-2023,Q4-2023,Q4-2023
,USA,USA,USA,USA,USA,USA,USA,USA,USA,USA,USA,USA,USA,USA,USA,USA,USA,USA,USA,USA,USA,USA,USA,USA,USA,USA,USA,USA,USA,USA,USA,USA
,GDP_ANNPCT,CPI_YTYPCT,GDP_ANNPCT,CPI_YTYPCT,GDP_ANNPCT,CPI_YTYPCT,GDP_ANNPCT,CPI_YTYPCT,GDP_ANNPCT,CPI_YTYPCT,GDP_ANNPCT,CPI_YTYPCT,GDP_ANNPCT,CPI_YTYPCT,GDP_ANNPCT,CPI_YTYPCT,GDP_ANNPCT,CPI_YTYPCT,GDP_ANNPCT,CPI_YTYPCT,GDP_ANNPCT,CPI_YTYPCT,GDP_ANNPCT,CPI_YTYPCT,GDP_ANNPCT,CPI_YTYPCT,GDP_ANNPCT,CPI_YTYPCT,GDP_ANNPCT,CPI_YTYPCT,GDP_ANNPCT,CPI_YTYPCT
Q1-1961,3.595822178,1.508107495,3.595822178,1.508107495,3.595822178,1.508107495,3.595822178,1.508107495,3.661372473,1.508107495,3.661372473,1.508107495,3.617882007,1.508107495,3.617882007,1.508107495,3.617882007,1.508107495,3.617882007,1.508107495,3.617882007,1.508107495,3.617882007,1.508107495,3.617882007,1.508107495,3.617882007,1.508107495,3.617882007,1.508107495,3.617882007,1.508107495
Q2-1961,8.696480014,0.867899008,8.696480014,0.867899008,8.696480014,0.867899008,8.696480014,0.867899008,8.680856611,0.867899008,8.680856611,0.867899008,7.952720165,0.867899008,7.952720165,0.867899008,7.952720165,0.867899008,7.952720165,0.867899008,7.952720165,0.867899008,7.952720165,0.867899008,7.952720165,0.867899008,7.952720165,0.867899008,7.952720165,0.867899008,7.952720165,0.867899008
Q3-1961,7.978442798,1.205362172,7.978442798,1.205362172,7.978442798,1.205362172,7.978442798,1.205362172,7.97648078,1.205362172,7.97648078,1.205362172,9.015547313,1.205362172,9.015547313,1.205362172,9.015547313,1.205362172,9.015547313,1.205362172,9.015547313,1.205362172,9.015547313,1.205362172,9.015547313,1.205362172,9.015547313,1.205362172,9.015547313,1.205362172,9.015547313,1.205362172
Q4-1961,9.772277256,0.705171256,9.772277256,0.705171256,9.772277256,0.705171256,9.772277256,0.705171256,9.768759073,0.705171256,9.768759073,0.705171256,9.440638382,0.705171256,9.440638382,0.705171256,9.440638382,0.705171256,9.440638382,0.705171256,9.440638382,0.705171256,9.440638382,0.705171256,9.440638382,0.705171256,9.440638382,0.705171256,9.440638382,0.705171256,9.440638382,0.705171256
Q1-1962,9.686732358,0.893655049,9.686732358,0.893655049,9.686732358,0.893655049,9.686732358,0.893655049,9.650941706,0.893655049,9.650941706,0.893655049,9.556908432,0.893655049,9.556908432,0.893655049,9.556908432,0.893655049,9.556908432,0.893655049,9.556908432,0.893655049,9.556908432,0.893655049,9.556908432,0.893655049,9.556908432,0.893655049,9.556908432,0.893655049,9.556908432,0.893655049
Q2-1962,5.066634031,1.307408649,5.066634031,1.307408649,5.066634031,1.307408649,5.066634031,1.307408649,5.069631974,1.307408649,5.069631974,1.307408649,4.347141982,1.307408649,4.347141982,1.307408649,4.347141982,1.307408649,4.347141982,1.307408649,4.347141982,1.307408649,4.347141982,1.307408649,4.347141982,1.307408649,4.347141982,1.307408649,4.347141982,1.307408649,4.347141982,1.307408649
Q3-1962,4.728123979,1.202137133,4.728123979,1.202137133,4.728123979,1.202137133,4.728123979,1.202137133,4.724847599,1.202137133,4.724847599,1.202137133,5.896554411,1.202137133,5.896554411,1.202137133,5.896554411,1.202137133,5.896554411,1.202137133,5.896554411,1.202137133,5.896554411,1.202137133,5.896554411,1.202137133,5.896554411,1.202137133,5.896554411,1.202137133,5.896554411,1.202137133
Q4-1962,2.316442426,1.300433478,2.316442426,1.300433478,2.316442426,1.300433478,2.316442426,1.300433478,2.354594641,1.300433478,2.354594641,1.300433478,2.153701453,1.300433478,2.153701453,1.300433478,2.153701453,1.300433478,2.153701453,1.300433478,2.153701453,1.300433478,2.153701453,1.300433478,2.153701453,1.300433478,2.153701453,1.300433478,2.153701453,1.300433478,2.153701453,1.300433478
Q1-1963,6.411900178,1.228963685,6.411900178,1.228963685,6.411900178,1.228963685,6.411900178,1.228963685,6.375336062,1.228963685,6.375336062,1.228963685,6.278382223,1.228963685,6.278382223,1.228963685,6.278382223,1.228963685,6.278382223,1.228963685,6.278382223,1.228963685,6.278382223,1.228963685,6.278382223,1.228963685,6.278382223,1.228963685,6.278382223,1.228963685,6.278382223,1.228963685
Q2-1963,5.974901942,1.036840944,5.974901942,1.036840944,5.974901942,1.036840944,5.974901942,1.036840944,6.012686786,1.036840944,6.012686786,1.036840944,5.301120542,1.036840944,5.301120542,1.036840944,5.301120542,1.036840944,5.301120542,1.036840944,5.301120542,1.036840944,5.301120542,1.036840944,5.301120542,1.036840944,5.301120542,1.036840944,5.301120542,1.036840944,5.301120542,1.036840944
Q3-1963,8.622644613,1.36383634,8.622644613,1.36383634,8.622644613,1.36383634,8.622644613,1.36383634,8.571641675,1.36383634,8.571641675,1.36383634,9.663604564,1.36383634,9.663604564,1.36383634,9.663604564,1.36383634,9.663604564,1.36383634,9.663604564,1.36383634,9.663604564,1.36383634,9.663604564,1.36383634,9.663604564,1.36383634,9.663604564,1.36383634,9.663604564,1.36383634
Q4-1963,6.21743862,1.39346061,6.21743862,1.39346061,6.21743862,1.39346061,6.21743862,1.39346061,6.269754205,1.39346061,6.269754205,1.39346061,6.0243358,1.39346061,6.0243358,1.39346061,6.0243358,1.39346061,6.0243358,1.39346061,6.0243358,1.39346061,6.0243358,1.39346061,6.0243358,1.39346061,6.0243358,1.39346061,6.0243358,1.39346061,6.0243358,1.39346061
Q1-1964,10.33524719,1.487476758,10.33524719,1.487476758,10.33524719,1.487476758,10.33524719,1.487476758,10.34051088,1.487476758,10.34051088,1.487476758,10.07566851,1.487476758,10.07566851,1.487476758,10.07566851,1.487476758,10.07566851,1.487476758,10.07566851,1.487476758,10.07566851,1.487476758,10.07566851,1.487476758,10.07566851,1.487476758,10.07566851,1.487476758,10.07566851,1.487476758
Q2-1964,5.908113708,1.462882096,5.908113708,1.462882096,5.908113708,1.462882096,5.908113708,1.462882096,5.850441364,1.462882096,5.850441364,1.462882096,5.391895671,1.462882096,5.391895671,1.462882096,5.391895671,1.462882096,5.391895671,1.462882096,5.391895671,1.462882096,5.391895671,1.462882096,5.391895671,1.462882096,5.391895671,1.462882096,5.391895671,1.462882096,5.391895671,1.462882096
Q3-1964,7.239141287,1.07421875,7.239141287,1.07421875,7.239141287,1.07421875,7.239141287,1.07421875,7.270574192,1.07421875,7.270574192,1.07421875,8.107879996,1.07421875,8.107879996,1.07421875,8.107879996,1.07421875,8.107879996,1.07421875,8.107879996,1.07421875,8.107879996,1.07421875,8.107879996,1.07421875,8.107879996,1.07421875,8.107879996,1.07421875,8.107879996,1.07421875
Q4-1964,3.27267033,1.266096743,3.27267033,1.266096743,3.27267033,1.266096743,3.27267033,1.266096743,3.282692311,1.266096743,3.282692311,1.266096743,3.091722743,1.266096743,3.091722743,1.266096743,3.091722743,1.266096743,3.091722743,1.266096743,3.091722743,1.266096743,3.091722743,1.266096743,3.091722743,1.266096743,3.091722743,1.266096743,3.091722743,1.266096743,3.091722743,1.266096743
Q1-1965,12.45578257,1.163918526,12.45578257,1.163918526,12.45578257,1.163918526,12.45578257,1.163918526,12.4703465,1.163918526,12.4703465,1.163918526,12.26997338,1.163918526,12.26997338,1.163918526,12.26997338,1.163918526,12.26997338,1.163918526,12.26997338,1.163918526,12.26997338,1.163918526,12.26997338,1.163918526,12.26997338,1.163918526,12.26997338,1.163918526,12.26997338,1.163918526
Q2-1965,7.546090504,1.64622337,7.546090504,1.64622337,7.546090504,1.64622337,7.546090504,1.64622337,7.499182211,1.64622337,7.499182211,1.64622337,7.091817328,1.64622337,7.091817328,1.64622337,7.091817328,1.64622337,7.091817328,1.64622337,7.091817328,1.64622337,7.091817328,1.64622337,7.091817328,1.64622337,7.091817328,1.64622337,7.091817328,1.64622337,7.091817328,1.64622337
Q3-1965,10.08164144,1.717659689,10.08164144,1.717659689,10.08164144,1.717659689,10.08164144,1.717659689,10.09088852,1.717659689,10.09088852,1.717659689,10.89969452,1.717659689,10.89969452,1.717659689,10.89969452,1.717659689,10.89969452,1.717659689,10.89969452,1.717659689,10.89969452,1.717659689,10.89969452,1.717659689,10.89969452,1.717659689,10.89969452,1.717659689,10.89969452,1.717659689
Q4-1965,12.78061379,1.784569352,12.78061379,1.784569352,12.78061379,1.784569352,12.78061379,1.784569352,12.79256999,1.784569352,12.79256999,1.784569352,12.58256414,1.784569352,12.58256414,1.784569352,12.58256414,1.784569352,12.58256414,1.784569352,12.58256414,1.784569352,12.58256414,1.784569352,12.58256414,1.784569352,12.58256414,1.784569352,12.58256414,1.784569352,12.58256414,1.784569352
Q1-1966,13.12129371,2.418237989,13.12129371,2.418237989,13.12129371,2.418237989,13.12129371,2.418237989,13.13484372,2.418237989,13.13484372,2.418237989,12.95989269,2.418237989,12.95989269,2.418237989,12.95989269,2.418237989,12.95989269,2.418237989,12.95989269,2.418237989,12.95989269,2.418237989,12.95989269,2.418237989,12.95989269,2.418237989,12.95989269,2.418237989,12.95989269,2.418237989
Q2-1966,5.060038724,2.688684238,5.060038724,2.688684238,5.060038724,2.688684238,5.060038724,2.688684238,5.020818489,2.688684238,5.020818489,2.688684238,4.729941168,2.688684238,4.729941168,2.688684238,4.729941168,2.688684238,4.729941168,2.688684238,4.729941168,2.688684238,4.729941168,2.688684238,4.729941168,2.688684238,4.729941168,2.688684238,4.729941168,2.688684238,4.729941168,2.688684238
Q3-1966,6.911587462,3.27176781,6.911587462,3.27176781,6.911587462,3.27176781,6.911587462,3.27176781,6.935448947,3.27176781,6.935448947,3.27176781,7.484495026,3.27176781,7.484495026,3.27176781,7.484495026,3.27176781,7.484495026,3.27176781,7.484495026,3.27176781,7.484495026,3.27176781,7.484495026,3.27176781,7.484495026,3.27176781,7.484495026,3.27176781,7.484495026,3.27176781
Q4-1966,7.050439129,3.569553806,7.050439129,3.569553806,7.050439129,3.569553806,7.050439129,3.569553806,7.033019922,3.569553806,7.033019922,3.569553806,6.83691944,3.569553806,6.83691944,3.569553806,6.83691944,3.569553806,6.83691944,3.569553806,6.83691944,3.569553806,6.83691944,3.569553806,6.83691944,3.569553806,6.83691944,3.569553806,6.83691944,3.569553806,6.83691944,3.569553806
Q1-1967,5.424999576,2.870813397,5.424999576,2.870813397,5.424999576,2.870813397,5.424999576,2.870813397,5.466119932,2.870813397,5.466119932,2.870813397,5.319784083,2.870813397,5.319784083,2.870813397,5.319784083,2.870813397,5.319784083,2.870813397,5.319784083,2.870813397,5.319784083,2.870813397,5.319784083,2.870813397,5.319784083,2.870813397,5.319784083,2.870813397,5.319784083,2.870813397
Q2-1967,2.433240019,2.566745696,2.433240019,2.566745696,2.433240019,2.566745696,2.433240019,2.566745696,2.390750854,2.566745696,2.390750854,2.566745696,2.30016151,2.566745696,2.30016151,2.566745696,2.30016151,2.566745696,2.30016151,2.566745696,2.30016151,2.566745696,2.30016151,2.566745696,2.30016151,2.566745696,2.30016151,2.566745696,2.30016151,2.566745696,2.30016151,2.566745696
Q3-1967,7.48611767,2.708226878,7.48611767,2.708226878,7.48611767,2.708226878,7.48611767,2.708226878,7.514284477,2.708226878,7.514284477,2.708226878,7.878853974,2.708226878,7.878853974,2.708226878,7.878853974,2.708226878,7.878853974,2.708226878,7.878853974,2.708226878,7.878853974,2.708226878,7.878853974,2.708226878,7.878853974,2.708226878,7.878853974,2.708226878,7.878853974,2.708226878
Q4-1967,7.885108518,2.990369995,7.885108518,2.990369995,7.885108518,2.990369995,7.885108518,2.990369995,7.878625805,2.990369995,7.878625805,2.990369995,7.705219204,2.990369995,7.705219204,2.990369995,7.705219204,2.990369995,7.705219204,2.990369995,7.705219204,2.990369995,7.705219204,2.990369995,7.705219204,2.990369995,7.705219204,2.990369995,7.705219204,2.990369995,7.705219204,2.990369995
Q1-1968,13.24732307,3.741152679,13.24732307,3.741152679,13.24732307,3.741152679,13.24732307,3.741152679,13.26421273,3.741152679,13.26421273,3.741152679,13.29895829,3.741152679,13.29895829,3.741152679,13.29895829,3.741152679,13.29895829,3.741152679,13.29895829,3.741152679,13.29895829,3.741152679,13.29895829,3.741152679,13.29895829,3.741152679,13.29895829,3.741152679,13.29895829,3.741152679
Q2-1968,11.53107983,4.120603015,11.53107983,4.120603015,11.53107983,4.120603015,11.53107983,4.120603015,11.51251436,4.120603015,11.51251436,4.120603015,11.4377252,4.120603015,11.4377252,4.120603015,11.4377252,4.120603015,11.4377252,4.120603015,11.4377252,4.120603015,11.4377252,4.120603015,11.4377252,4.120603015,11.4377252,4.120603015,11.4377252,4.120603015,11.4377252,4.120603015
Q3-1968,7.012631512,4.47761194,7.012631512,4.47761194,7.012631512,4.47761194,7.012631512,4.47761194,7.035130964,4.47761194,7.035130964,4.47761194,7.244533419,4.47761194,7.244533419,4.47761194,7.244533419,4.47761194,7.244533419,4.47761194,7.244533419,4.47761194,7.244533419,4.47761194,7.244533419,4.47761194,7.244533419,4.47761194,7.244533419,4.47761194,7.244533419,4.47761194
Q4-1968,7.688885168,4.625984252,7.688885168,4.625984252,7.688885168,4.625984252,7.688885168,4.625984252,7.680503165,4.625984252,7.680503165,4.625984252,7.436758879,4.625984252,7.436758879,4.625984252,7.436758879,4.625984252,7.436758879,4.625984252,7.436758879,4.625984252,7.436758879,4.625984252,7.436758879,4.625984252,7.436758879,4.625984252,7.436758879,4.625984252,7.436758879,4.625984252
Q1-1969,10.84714895,4.873294347,10.84714895,4.873294347,10.84714895,4.873294347,10.84714895,4.873294347,10.8423579,4.873294347,10.8423579,4.873294347,10.87437463,4.873294347,10.87437463,4.873294347,10.87437463,4.873294347,10.87437463,4.873294347,10.87437463,4.873294347,10.87437463,4.873294347,10.87437463,4.873294347,10.87437463,4.873294347,10.87437463,4.873294347,10.87437463,4.873294347
Q2-1969,6.586266876,5.501930502,6.586266876,5.501930502,6.586266876,5.501930502,6.586266876,5.501930502,6.561691438,5.501930502,6.561691438,5.501930502,6.466419401,5.501930502,6.466419401,5.501930502,6.466419401,5.501930502,6.466419401,5.501930502,6.466419401,5.501930502,6.466419401,5.501930502,6.466419401,5.501930502,6.466419401,5.501930502,6.466419401,5.501930502,6.466419401,5.501930502
Q3-1969,8.399428361,5.523809524,8.399428361,5.523809524,8.399428361,5.523809524,8.399428361,5.523809524,8.422873318,5.523809524,8.422873318,5.523809524,8.561438524,5.523809524,8.561438524,5.523809524,8.561438524,5.523809524,8.561438524,5.523809524,8.561438524,5.523809524,8.561438524,5.523809524,8.561438524,5.523809524,8.561438524,5.523809524,8.561438524,5.523809524,8.561438524,5.523809524
Q4-1969,3.414974472,5.832549389,3.414974472,5.832549389,3.414974472,5.832549389,3.414974472,5.832549389,3.424858118,5.832549389,3.424858118,5.832549389,3.219256261,5.832549389,3.219256261,5.832549389,3.219256261,5.832549389,3.219256261,5.832549389,3.219256261,5.832549389,3.219256261,5.832549389,3.219256261,5.832549389,3.219256261,5.832549389,3.219256261,5.832549389,3.219256261,5.832549389
Q1-1970,5.01127742,6.226765799,5.01127742,6.226765799,5.01127742,6.226765799,5.01127742,6.226765799,5.005893393,6.226765799,5.005893393,6.226765799,5.124996829,6.226765799,5.124996829,6.226765799,5.124996829,6.226765799,5.124996829,6.226765799,5.124996829,6.226765799,5.124996829,6.226765799,5.124996829,6.226765799,5.124996829,6.226765799,5.124996829,6.226765799,5.124996829,6.226765799
Q2-1970,6.453341071,6.038426349,6.453341071,6.038426349,6.453341071,6.038426349,6.453341071,6.038426349,6.446003349,6.038426349,6.446003349,6.038426349,6.298392611,6.038426349,6.298392611,6.038426349,6.298392611,6.038426349,6.298392611,6.038426349,6.298392611,6.038426349,6.298392611,6.038426349,6.298392611,6.038426349,6.298392611,6.038426349,6.298392611,6.038426349,6.298392611,6.038426349
Q3-1970,7.057297796,5.685920578,7.057297796,5.685920578,7.057297796,5.685920578,7.057297796,5.685920578,7.037954443,5.685920578,7.037954443,5.685920578,7.187852328,5.685920578,7.187852328,5.685920578,7.187852328,5.685920578,7.187852328,5.685920578,7.187852328,5.685920578,7.187852328,5.685920578,7.187852328,5.685920578,7.187852328,5.685920578,7.187852328,5.685920578,7.187852328,5.685920578
Q4-1970,1.10700053,5.6,1.10700053,5.6,1.10700053,5.6,1.10700053,5.6,1.107410897,5.6,1.107410897,5.6,0.942117462,5.6,0.942117462,5.6,0.942117462,5.6,0.942117462,5.6,0.942117462,5.6,0.942117462,5.6,0.942117462,5.6,0.942117462,5.6,0.942117462,5.6,0.942117462,5.6
Q1-1971,18.07793721,4.811898513,18.07793721,4.811898513,18.07793721,4.811898513,18.07793721,4.811898513,18.09936402,4.811898513,18.09936402,4.811898513,18.2322923,4.811898513,18.2322923,4.811898513,18.2322923,4.811898513,18.2322923,4.811898513,18.2322923,4.811898513,18.2322923,4.811898513,18.2322923,4.811898513,18.2322923,4.811898513,18.2322923,4.811898513,18.2322923,4.811898513
Q2-1971,7.812586802,4.314063848,7.812586802,4.314063848,7.812586802,4.314063848,7.812586802,4.314063848,7.791302151,4.314063848,7.791302151,4.314063848,7.650570961,4.314063848,7.650570961,4.314063848,7.650570961,4.314063848,7.650570961,4.314063848,7.650570961,4.314063848,7.650570961,4.314063848,7.650570961,4.314063848,7.650570961,4.314063848,7.650570961,4.314063848,7.650570961,4.314063848
Q3-1971,7.407954127,4.269854825,7.407954127,4.269854825,7.407954127,4.269854825,7.407954127,4.269854825,7.429363964,4.269854825,7.429363964,4.269854825,7.612640965,4.269854825,7.612640965,4.269854825,7.612640965,4.269854825,7.612640965,4.269854825,7.612640965,4.269854825,7.612640965,4.269854825,7.612640965,4.269854825,7.612640965,4.269854825,7.612640965,4.269854825,7.612640965,4.269854825
Q4-1971,4.584087619,3.535353535,4.584087619,3.535353535,4.584087619,3.535353535,4.584087619,3.535353535,4.574223215,3.535353535,4.574223215,3.535353535,4.356506679,3.535353535,4.356506679,3.535353535,4.356506679,3.535353535,4.356506679,3.535353535,4.356506679,3.535353535,4.356506679,3.535353535,4.356506679,3.535353535,4.356506679,3.535353535,4.356506679,3.535353535,4.356506679,3.535353535
Q1-1972,14.16785015,3.505843072,14.16785015,3.505843072,14.16785015,3.505843072,14.16785015,3.505843072,14.17618043,3.505843072,14.17618043,3.505843072,14.25073214,3.505843072,14.25073214,3.505843072,14.25073214,3.505843072,14.25073214,3.505843072,14.25073214,3.505843072,14.25073214,3.505843072,14.25073214,3.505843072,14.25073214,3.505843072,14.25073214,3.505843072,14.25073214,3.505843072
Q2-1972,12.29814967,3.225806452,12.29814967,3.225806452,12.29814967,3.225806452,12.29814967,3.225806452,12.3033819,3.225806452,12.3033819,3.225806452,12.14004731,3.225806452,12.14004731,3.225806452,12.14004731,3.225806452,12.14004731,3.225806452,12.14004731,3.225806452,12.14004731,3.225806452,12.14004731,3.225806452,12.14004731,3.225806452,12.14004731,3.225806452,12.14004731,3.225806452
Q3-1972,7.675506445,3.03030303,7.675506445,3.03030303,7.675506445,3.03030303,7.675506445,3.03030303,7.680363236,3.03030303,7.680363236,3.03030303,7.864812997,3.03030303,7.864812997,3.03030303,7.864812997,3.03030303,7.864812997,3.03030303,7.864812997,3.03030303,7.864812997,3.03030303,7.864812997,3.03030303,7.864812997,3.03030303,7.864812997,3.03030303,7.864812997,3.03030303
Q4-1972,12.34359368,3.333333333,12.34359368,3.333333333,12.34359368,3.333333333,12.34359368,3.333333333,12.33850221,3.333333333,12.33850221,3.333333333,12.42258237,3.333333333,12.42258237,3.333333333,12.42258237,3.333333333,12.42258237,3.333333333,12.42258237,3.333333333,12.42258237,3.333333333,12.42258237,3.333333333,12.42258237,3.333333333,12.42258237,3.333333333,12.42258237,3.333333333
Q1-1973,15.44640142,4.112903226,15.44640142,4.112903226,15.44640142,4.112903226,15.44640142,4.112903226,15.43173944,4.112903226,15.43173944,4.112903226,15.44613142,4.112903226,15.44613142,4.112903226,15.44613142,4.112903226,15.44613142,4.112903226,15.44613142,4.112903226,15.44613142,4.112903226,15.44613142,4.112903226,15.44613142,4.112903226,15.44613142,4.112903226,15.44613142,4.112903226
Q2-1973,11.12646996,5.608974359,11.12646996,5.608974359,11.12646996,5.608974359,11.12646996,5.608974359,11.13134114,5.608974359,11.13134114,5.608974359,10.99540151,5.608974359,10.99540151,5.608974359,10.99540151,5.608974359,10.99540151,5.608974359,10.99540151,5.608974359,10.99540151,5.608974359,10.99540151,5.608974359,10.99540151,5.608974359,10.99540151,5.608974359,10.99540151,5.608974359
Q3-1973,5.528668652,6.836248013,5.528668652,6.836248013,5.528668652,6.836248013,5.528668652,6.836248013,5.533976851,6.836248013,5.533976851,6.836248013,5.764894013,6.836248013,5.764894013,6.836248013,5.764894013,6.836248013,5.764894013,6.836248013,5.764894013,6.836248013,5.764894013,6.836248013,5.764894013,6.836248013,5.764894013,6.836248013,5.764894013,6.836248013,5.764894013,6.836248013
Q4-1973,12.30649436,8.418568057,12.30649436,8.418568057,12.30649436,8.418568057,12.30649436,8.418568057,12.29301535,8.418568057,12.29301535,8.418568057,12.37900722,8.418568057,12.37900722,8.418568057,12.37900722,8.418568057,12.37900722,8.418568057,12.37900722,8.418568057,12.37900722,8.418568057,12.37900722,8.418568057,12.37900722,8.418568057,12.37900722,8.418568057,12.37900722,8.418568057
Q1-1974,4.285995165,9.914794733,4.285995165,9.914794733,4.285995165,9.914794733,4.285995165,9.914794733,4.281900156,9.914794733,4.281900156,9.914794733,4.104266714,9.914794733,4.104266714,9.914794733,4.104266714,9.914794733,4.104266714,9.914794733,4.104266714,9.914794733,4.104266714,9.914794733,4.104266714,9.914794733,4.104266714,9.914794733,4.104266714,9.914794733,4.104266714,9.914794733
Q2-1974,10.99713664,10.54628225,10.99713664,10.54628225,10.99713664,10.54628225,10.99713664,10.54628225,11.01659033,10.54628225,11.01659033,10.54628225,10.83456995,10.54628225,10.83456995,10.54628225,10.83456995,10.54628225,10.83456995,10.54628225,10.83456995,10.54628225,10.83456995,10.54628225,10.83456995,10.54628225,10.83456995,10.54628225,10.83456995,10.54628225,10.83456995,10.54628225
Q3-1974,7.833205848,11.45833333,7.833205848,11.45833333,7.833205848,11.45833333,7.833205848,11.45833333,7.826479615,11.45833333,7.826479615,11.45833333,8.068230656,11.45833333,8.068230656,11.45833333,8.068230656,11.45833333,8.068230656,11.45833333,8.068230656,11.45833333,8.068230656,11.45833333,8.068230656,11.45833333,8.068230656,11.45833333,8.068230656,11.45833333,8.068230656,11.45833333
Q4-1974,10.52325301,12.04644412,10.52325301,12.04644412,10.52325301,12.04644412,10.52325301,12.04644412,10.5254873,12.04644412,10.5254873,12.04644412,10.56152699,12.04644412,10.56152699,12.04644412,10.56152699,12.04644412,10.56152699,12.04644412,10.56152699,12.04644412,10.56152699,12.04644412,10.56152699,12.04644412,10.56152699,12.04644412,10.56152699,12.04644412,10.56152699,12.04644412
Q1-1975,4.207021531,11.13460183,4.207021531,11.13460183,4.207021531,11.13460183,4.207021531,11.13460183,4.193885917,11.13460183,4.193885917,11.13460183,4.173857312,11.13460183,4.173857312,11.13460183,4.173857312,11.13460183,4.173857312,11.13460183,4.173857312,11.13460183,4.173857312,11.13460183,4.173857312,11.13460183,4.173857312,11.13460183,4.173857312,11.13460183,4.173857312,11.13460183
Q2-1975,9.403147052,9.540150995,9.403147052,9.540150995,9.403147052,9.540150995,9.403147052,9.540150995,9.428530659,9.540150995,9.428530659,9.540150995,9.142894189,9.540150995,9.142894189,9.540150995,9.142894189,9.540150995,9.142894189,9.540150995,9.142894189,9.540150995,9.142894189,9.540150995,9.142894189,9.540150995,9.142894189,9.540150995,9.142894189,9.540150995,9.142894189,9.540150995
Q3-1975,14.59869356,8.67823765,14.59869356,8.67823765,14.59869356,8.67823765,14.59869356,8.67823765,14.58862026,8.67823765,14.58862026,8.67823765,14.79315319,8.67823765,14.79315319,8.67823765,14.79315319,8.67823765,14.79315319,8.67823765,14.79315319,8.67823765,14.79315319,8.67823765,14.79315319,8.67823765,14.79315319,8.67823765,14.79315319,8.67823765,14.79315319,8.67823765
Q4-1975,12.72594176,7.383419689,12.72594176,7.383419689,12.72594176,7.383419689,12.72594176,7.383419689,12.71435886,7.383419689,12.71435886,7.383419689,12.7341301,7.383419689,12.7341301,7.383419689,12.7341301,7.383419689,12.7341301,7.383419689,12.7341301,7.383419689,12.7341301,7.383419689,12.7341301,7.383419689,12.7341301,7.383419689,12.7341301,7.383419689,12.7341301,7.383419689
Q1-1976,13.9491381,6.34115409,13.9491381,6.34115409,13.9491381,6.34115409,13.9491381,6.34115409,13.95990469,6.34115409,13.95990469,6.34115409,13.9969781,6.34115409,13.9969781,6.34115409,13.9969781,6.34115409,13.9969781,6.34115409,13.9969781,6.34115409,13.9969781,6.34115409,13.9969781,6.34115409,13.9969781,6.34115409,13.9969781,6.34115409,13.9969781,6.34115409
Q2-1976,7.294780118,6.015037594,7.294780118,6.015037594,7.294780118,6.015037594,7.294780118,6.015037594,7.302832799,6.015037594,7.302832799,6.015037594,7.182773247,6.015037594,7.182773247,6.015037594,7.182773247,6.015037594,7.182773247,6.015037594,7.182773247,6.015037594,7.182773247,6.015037594,7.182773247,6.015037594,7.182773247,6.015037594,7.182773247,6.015037594,7.182773247,6.015037594
Q3-1976,7.436700425,5.58968059,7.436700425,5.58968059,7.436700425,5.58968059,7.436700425,5.58968059,7.426518004,5.58968059,7.426518004,5.58968059,7.598279904,5.58968059,7.598279904,5.58968059,7.598279904,5.58968059,7.598279904,5.58968059,7.598279904,5.58968059,7.598279904,5.58968059,7.598279904,5.58968059,7.598279904,5.58968059,7.598279904,5.58968059,7.598279904,5.58968059
Q4-1976,10.5266171,5.186972256,10.5266171,5.186972256,10.5266171,5.186972256,10.5266171,5.186972256,10.52958214,5.186972256,10.52958214,5.186972256,10.50716365,5.186972256,10.50716365,5.186972256,10.50716365,5.186972256,10.50716365,5.186972256,10.50716365,5.186972256,10.50716365,5.186972256,10.50716365,5.186972256,10.50716365,5.186972256,10.50716365,5.186972256,10.50716365,5.186972256
Q1-1977,11.63997119,5.903398927,11.63997119,5.903398927,11.63997119,5.903398927,11.63997119,5.903398927,11.64459645,5.903398927,11.64459645,5.903398927,11.72763154,5.903398927,11.72763154,5.903398927,11.72763154,5.903398927,11.72763154,5.903398927,11.72763154,5.903398927,11.72763154,5.903398927,11.72763154,5.903398927,11.72763154,5.903398927,11.72763154,5.903398927,11.72763154,5.903398927
Q2-1977,14.29946854,6.796690307,14.29946854,6.796690307,14.29946854,6.796690307,14.29946854,6.796690307,14.28390081,6.796690307,14.28390081,6.796690307,14.23097398,6.796690307,14.23097398,6.796690307,14.23097398,6.796690307,14.23097398,6.796690307,14.23097398,6.796690307,14.23097398,6.796690307,14.23097398,6.796690307,14.23097398,6.796690307,14.23097398,6.796690307,14.23097398,6.796690307
Q3-1977,12.63449509,6.573589296,12.63449509,6.573589296,12.63449509,6.573589296,12.63449509,6.573589296,12.63938967,6.573589296,12.63938967,6.573589296,12.73952021,6.573589296,12.73952021,6.573589296,12.73952021,6.573589296,12.73952021,6.573589296,12.73952021,6.573589296,12.73952021,6.573589296,12.73952021,6.573589296,12.73952021,6.573589296,12.73952021,6.573589296,12.73952021,6.573589296
Q4-1977,9.015680468,6.594036697,9.015680468,6.594036697,9.015680468,6.594036697,9.015680468,6.594036697,9.021568706,6.594036697,9.021568706,6.594036697,8.931635698,6.594036697,8.931635698,6.594036697,8.931635698,6.594036697,8.931635698,6.594036697,8.931635698,6.594036697,8.931635698,6.594036697,8.931635698,6.594036697,8.931635698,6.594036697,8.931635698,6.594036697,8.931635698,6.594036697
Q1-1978,7.584326847,6.475225225,7.584326847,6.475225225,7.584326847,6.475225225,7.584326847,6.475225225,7.57881405,6.475225225,7.57881405,6.475225225,7.305743483,6.475225225,7.305743483,6.475225225,7.305743483,6.475225225,7.305743483,6.475225225,7.305743483,6.475225225,7.305743483,6.475225225,7.305743483,6.475225225,7.305743483,6.475225225,7.305743483,6.475225225,7.305743483,6.475225225
Q2-1978,25.25370027,7.028223575,25.25370027,7.028223575,25.25370027,7.028223575,25.25370027,7.028223575,25.24848881,7.028223575,25.24848881,7.028223575,25.5370871,7.028223575,25.5370871,7.028223575,25.5370871,7.028223575,25.5370871,7.028223575,25.5370871,7.028223575,25.5370871,7.028223575,25.5370871,7.028223575,25.5370871,7.028223575,25.5370871,7.028223575,25.5370871,7.028223575
Q3-1978,11.09924007,8.024017467,11.09924007,8.024017467,11.09924007,8.024017467,11.09924007,8.024017467,11.09997859,8.024017467,11.09997859,8.024017467,11.33193055,8.024017467,11.33193055,8.024017467,11.33193055,8.024017467,11.33193055,8.024017467,11.33193055,8.024017467,11.33193055,8.024017467,11.33193055,8.024017467,11.33193055,8.024017467,11.33193055,8.024017467,11.33193055,8.024017467
Q4-1978,14.63005673,8.929532006,14.63005673,8.929532006,14.63005673,8.929532006,14.63005673,8.929532006,14.62898174,8.929532006,14.62898174,8.929532006,14.39518504,8.929532006,14.39518504,8.929532006,14.39518504,8.929532006,14.39518504,8.929532006,14.39518504,8.929532006,14.39518504,8.929532006,14.39518504,8.929532006,14.39518504,8.929532006,14.39518504,8.929532006,14.39518504,8.929532006
Q1-1979,8.201495377,9.783183501,8.201495377,9.783183501,8.201495377,9.783183501,8.201495377,9.783183501,8.200951023,9.783183501,8.200951023,9.783183501,8.264128499,9.783183501,8.264128499,9.783183501,8.264128499,9.783183501,8.264128499,9.783183501,8.264128499,9.783183501,8.264128499,9.783183501,8.264128499,9.783183501,8.264128499,9.783183501,8.264128499,9.783183501,8.264128499,9.783183501
Q2-1979,10.55324272,10.7549121,10.55324272,10.7549121,10.55324272,10.7549121,10.55324272,10.7549121,10.56263682,10.7549121,10.56263682,10.7549121,10.63241849,10.7549121,10.63241849,10.7549121,10.63241849,10.7549121,10.63241849,10.7549121,10.63241849,10.7549121,10.63241849,10.7549121,10.63241849,10.7549121,10.63241849,10.7549121,10.63241849,10.7549121,10.63241849,10.7549121
Q3-1979,11.98334697,11.72309247,11.98334697,11.72309247,11.98334697,11.72309247,11.98334697,11.72309247,11.97978116,11.72309247,11.97978116,11.72309247,12.31164626,11.72309247,12.31164626,11.72309247,12.31164626,11.72309247,12.31164626,11.72309247,12.31164626,11.72309247,12.31164626,11.72309247,12.31164626,11.72309247,12.31164626,11.72309247,12.31164626,11.72309247,12.31164626,11.72309247
Q4-1979,9.342924137,12.64197531,9.342924137,12.64197531,9.342924137,12.64197531,9.342924137,12.64197531,9.345690438,12.64197531,9.345690438,12.64197531,8.716072486,12.64197531,8.716072486,12.64197531,8.716072486,12.64197531,8.716072486,12.64197531,8.716072486,12.64197531,8.716072486,12.64197531,8.716072486,12.64197531,8.716072486,12.64197531,8.716072486,12.64197531,8.716072486,12.64197531
Q1-1980,9.992565898,14.21001927,9.992565898,14.21001927,9.992565898,14.21001927,9.992565898,14.21001927,9.995378885,14.21001927,9.995378885,14.21001927,10.04356098,14.21001927,10.04356098,14.21001927,10.04356098,14.21001927,10.04356098,14.21001927,10.04356098,14.21001927,10.04356098,14.21001927,10.04356098,14.21001927,10.04356098,14.21001927,10.04356098,14.21001927,10.04356098,14.21001927
Q2-1980,0.487209817,14.42577031,0.487209817,14.42577031,0.487209817,14.42577031,0.487209817,14.42577031,0.489359177,14.42577031,0.489359177,14.42577031,1.081119118,14.42577031,1.081119118,14.42577031,1.081119118,14.42577031,1.081119118,14.42577031,1.081119118,14.42577031,1.081119118,14.42577031,1.081119118,14.42577031,1.081119118,14.42577031,1.081119118,14.42577031,1.081119118,14.42577031
Q3-1980,8.866447237,12.93532338,8.866447237,12.93532338,8.866447237,12.93532338,8.866447237,12.93532338,8.867236598,12.93532338,8.867236598,12.93532338,8.727174207,12.93532338,8.727174207,12.93532338,8.727174207,12.93532338,8.727174207,12.93532338,8.727174207,12.93532338,8.727174207,12.93532338,8.727174207,12.93532338,8.727174207,12.93532338,8.727174207,12.93532338,8.727174207,12.93532338
Q4-1980,20.01980516,12.53836037,20.01980516,12.53836037,20.01980516,12.53836037,20.01980516,12.53836037,20.01642876,12.53836037,20.01642876,12.53836037,19.33693885,12.53836037,19.33693885,12.53836037,19.33693885,12.53836037,19.33693885,12.53836037,19.33693885,12.53836037,19.33693885,12.53836037,19.33693885,12.53836037,19.33693885,12.53836037,19.33693885,12.53836037,19.33693885,12.53836037
Q1-1981,19.80060994,11.26107128,19.80060994,11.26107128,19.80060994,11.26107128,19.80060994,11.26107128,19.79645499,11.26107128,19.79645499,11.26107128,19.91049065,11.26107128,19.91049065,11.26107128,19.91049065,11.26107128,19.91049065,11.26107128,19.91049065,11.26107128,19.91049065,11.26107128,19.91049065,11.26107128,19.91049065,11.26107128,19.91049065,11.26107128,19.91049065,11.26107128
Q2-1981,4.611811848,9.873521012,4.611811848,9.873521012,4.611811848,9.873521012,4.611811848,9.873521012,4.605471977,9.873521012,4.605471977,9.873521012,4.998009485,9.873521012,4.998009485,9.873521012,4.998009485,9.873521012,4.998009485,9.873521012,4.998009485,9.873521012,4.998009485,9.873521012,4.998009485,9.873521012,4.998009485,9.873521012,4.998009485,9.873521012,4.998009485,9.873521012
Q3-1981,12.39653723,10.85302363,12.39653723,10.85302363,12.39653723,10.85302363,12.39653723,10.85302363,12.40390647,10.85302363,12.40390647,10.85302363,12.99394652,10.85302363,12.99394652,10.85302363,12.99394652,10.85302363,12.99394652,10.85302363,12.99394652,10.85302363,12.99394652,10.85302363,12.99394652,10.85302363,12.99394652,10.85302363,12.99394652,10.85302363,12.99394652,10.85302363
Q4-1981,2.763372342,9.583171017,2.763372342,9.583171017,2.763372342,9.583171017,2.763372342,9.583171017,2.767501023,9.583171017,2.767501023,9.583171017,2.502312693,9.583171017,2.502312693,9.583171017,2.502312693,9.583171017,2.502312693,9.583171017,2.502312693,9.583171017,2.502312693,9.583171017,2.502312693,9.583171017,2.502312693,9.583171017,2.502312693,9.583171017,2.502312693,9.583171017
Q1-1982,-1.176439957,7.581501137,-1.176439957,7.581501137,-1.176439957,7.581501137,-1.176439957,7.581501137,-1.179687149,7.581501137,-1.179687149,7.581501137,-0.792072422,7.581501137,-0.792072422,7.581501137,-0.792072422,7.581501137,-0.792072422,7.581501137,-0.792072422,7.581501137,-0.792072422,7.581501137,-0.792072422,7.581501137,-0.792072422,7.581501137,-0.792072422,7.581501137,-0.792072422,7.581501137
Q2-1982,7.21274161,6.906795395,7.21274161,6.906795395,7.21274161,6.906795395,7.21274161,6.906795395,7.20911677,6.906795395,7.20911677,6.906795395,7.233489641,6.906795395,7.233489641,6.906795395,7.233489641,6.906795395,7.233489641,6.906795395,7.233489641,6.906795395,7.233489641,6.906795395,7.233489641,6.906795395,7.233489641,6.906795395,7.233489641,6.906795395,7.233489641,6.906795395
Q3-1982,4.368413006,5.816473988,4.368413006,5.816473988,4.368413006,5.816473988,4.368413006,5.816473988,4.367322445,5.816473988,4.367322445,5.816473988,4.187891396,5.816473988,4.187891396,5.816473988,4.187891396,5.816473988,4.187891396,5.816473988,4.187891396,5.816473988,4.187891396,5.816473988,4.187891396,5.816473988,4.187891396,5.816473988,4.187891396,5.816473988,4.187891396,5.816473988
Q4-1982,4.923395173,4.443654461,4.923395173,4.443654461,4.923395173,4.443654461,4.923395173,4.443654461,4.928116931,4.443654461,4.928116931,4.443654461,4.37609819,4.443654461,4.37609819,4.443654461,4.37609819,4.443654461,4.37609819,4.443654461,4.37609819,4.443654461,4.37609819,4.443654461,4.37609819,4.443654461,4.37609819,4.443654461,4.37609819,4.443654461,4.37609819,4.443654461
Q1-1983,8.785329553,3.594080338,8.785329553,3.594080338,8.785329553,3.594080338,8.785329553,3.594080338,8.786678284,3.594080338,8.786678284,3.594080338,8.593047781,3.594080338,8.593047781,3.594080338,8.593047781,3.594080338,8.593047781,3.594080338,8.593047781,3.594080338,8.593047781,3.594080338,8.593047781,3.594080338,8.593047781,3.594080338,8.593047781,3.594080338,8.593047781,3.594080338
Q2-1983,12.43676313,3.29975686,12.43676313,3.29975686,12.43676313,3.29975686,12.43676313,3.29975686,12.43957113,3.29975686,12.43957113,3.29975686,12.70607158,3.29975686,12.70607158,3.29975686,12.70607158,3.29975686,12.70607158,3.29975686,12.70607158,3.29975686,12.70607158,3.29975686,12.70607158,3.29975686,12.70607158,3.29975686,12.70607158,3.29975686,12.70607158,3.29975686
Q3-1983,12.67118465,2.526459543,12.67118465,2.526459543,12.67118465,2.526459543,12.67118465,2.526459543,12.66040329,2.526459543,12.66040329,2.526459543,12.9135072,2.526459543,12.9135072,2.526459543,12.9135072,2.526459543,12.9135072,2.526459543,12.9135072,2.526459543,12.9135072,2.526459543,12.9135072,2.526459543,12.9135072,2.526459543,12.9135072,2.526459543,12.9135072,2.526459543
Q4-1983,11.72816258,3.233492172,11.72816258,3.233492172,11.72816258,3.233492172,11.72816258,3.233492172,11.73583986,3.233492172,11.73583986,3.233492172,11.94214504,3.233492172,11.94214504,3.233492172,11.94214504,3.233492172,11.94214504,3.233492172,11.94214504,3.233492172,11.94214504,3.233492172,11.94214504,3.233492172,11.94214504,3.233492172,11.94214504,3.233492172,11.94214504,3.233492172
Q1-1984,12.8755869,4.62585034,12.8755869,4.62585034,12.8755869,4.62585034,12.8755869,4.62585034,12.87008915,4.62585034,12.87008915,4.62585034,12.49408513,4.62585034,12.49408513,4.62585034,12.49408513,4.62585034,12.49408513,4.62585034,12.49408513,4.62585034,12.49408513,4.62585034,12.49408513,4.62585034,12.49408513,4.62585034,12.49408513,4.62585034,12.49408513,4.62585034
Q2-1984,10.86426937,4.404841964,10.86426937,4.404841964,10.86426937,4.404841964,10.86426937,4.404841964,10.86721613,4.404841964,10.86721613,4.404841964,10.80577777,4.404841964,10.80577777,4.404841964,10.80577777,4.404841964,10.80577777,4.404841964,10.80577777,4.404841964,10.80577777,4.404841964,10.80577777,4.404841964,10.80577777,4.404841964,10.80577777,4.404841964,10.80577777,4.404841964
Q3-1984,7.410407423,4.295704296,7.410407423,4.295704296,7.410407423,4.295704296,7.410407423,4.295704296,7.408094941,4.295704296,7.408094941,4.295704296,7.657586728,4.295704296,7.657586728,4.295704296,7.657586728,4.295704296,7.657586728,4.295704296,7.657586728,4.295704296,7.657586728,4.295704296,7.657586728,4.295704296,7.657586728,4.295704296,7.657586728,4.295704296,7.657586728,4.295704296
Q4-1984,6.022709998,4.154302671,6.022709998,4.154302671,6.022709998,4.154302671,6.022709998,4.154302671,6.025606165,4.154302671,6.025606165,4.154302671,6.447744299,4.154302671,6.447744299,4.154302671,6.447744299,4.154302671,6.447744299,4.154302671,6.447744299,4.154302671,6.447744299,4.154302671,6.447744299,4.154302671,6.447744299,4.154302671,6.447744299,4.154302671,6.447744299,4.154302671
Q1-1985,8.904642268,3.641092328,8.904642268,3.641092328,8.904642268,3.641092328,8.904642268,3.641092328,8.905040224,3.641092328,8.905040224,3.641092328,8.104738028,3.641092328,8.104738028,3.641092328,8.104738028,3.641092328,8.104738028,3.641092328,8.104738028,3.641092328,8.104738028,3.641092328,8.104738028,3.641092328,8.104738028,3.641092328,8.104738028,3.641092328,8.104738028,3.641092328
Q2-1985,6.308724159,3.607085346,6.308724159,3.607085346,6.308724159,3.607085346,6.308724159,3.607085346,6.307424029,3.607085346,6.307424029,3.607085346,6.261637729,3.607085346,6.261637729,3.607085346,6.261637729,3.607085346,6.261637729,3.607085346,6.261637729,3.607085346,6.261637729,3.607085346,6.261637729,3.607085346,6.261637729,3.607085346,6.261637729,3.607085346,6.261637729,3.607085346
Q3-1985,8.861582533,3.352490421,8.861582533,3.352490421,8.861582533,3.352490421,8.861582533,3.352490421,8.85822,3.352490421,8.85822,3.352490421,8.836277582,3.352490421,8.836277582,3.352490421,8.836277582,3.352490421,8.836277582,3.352490421,8.836277582,3.352490421,8.836277582,3.352490421,8.836277582,3.352490421,8.836277582,3.352490421,8.836277582,3.352490421,8.836277582,3.352490421
Q4-1985,5.431985678,3.51377018,5.431985678,3.51377018,5.431985678,3.51377018,5.431985678,3.51377018,5.436009997,3.51377018,5.436009997,3.51377018,5.33005199,3.51377018,5.33005199,3.51377018,5.33005199,3.51377018,5.33005199,3.51377018,5.33005199,3.51377018,5.33005199,3.51377018,5.33005199,3.51377018,5.33005199,3.51377018,5.33005199,3.51377018,5.33005199,3.51377018
Q1-1986,5.798945532,3.105395232,5.798945532,3.105395232,5.798945532,3.105395232,5.798945532,3.105395232,5.802593385,3.105395232,5.802593385,3.105395232,5.867299666,3.105395232,5.867299666,3.105395232,5.867299666,3.105395232,5.867299666,3.105395232,5.867299666,3.105395232,5.867299666,3.105395232,5.867299666,3.105395232,5.867299666,3.105395232,5.867299666,3.105395232,5.867299666,3.105395232
Q2-1986,3.49006709,1.67858253,3.49006709,1.67858253,3.49006709,1.67858253,3.49006709,1.67858253,3.490123525,1.67858253,3.490123525,1.67858253,3.364335693,1.67858253,3.364335693,1.67858253,3.364335693,1.67858253,3.364335693,1.67858253,3.364335693,1.67858253,3.364335693,1.67858253,3.364335693,1.67858253,3.364335693,1.67858253,3.364335693,1.67858253,3.364335693,1.67858253
Q3-1986,5.776134364,1.668211307,5.776134364,1.668211307,5.776134364,1.668211307,5.776134364,1.668211307,5.77442752,1.668211307,5.77442752,1.668211307,5.598948476,1.668211307,5.598948476,1.668211307,5.598948476,1.668211307,5.598948476,1.668211307,5.598948476,1.668211307,5.598948476,1.668211307,5.598948476,1.668211307,5.598948476,1.668211307,5.598948476,1.668211307,5.598948476,1.668211307
Q4-1986,4.382291147,1.345565749,4.382291147,1.345565749,4.382291147,1.345565749,4.382291147,1.345565749,4.379493202,1.345565749,4.379493202,1.345565749,4.407988738,1.345565749,4.407988738,1.345565749,4.407988738,1.345565749,4.407988738,1.345565749,4.407988738,1.345565749,4.407988738,1.345565749,4.407988738,1.345565749,4.407988738,1.345565749,4.407988738,1.345565749,4.407988738,1.345565749
Q1-1987,5.846333315,2.038332826,5.846333315,2.038332826,5.846333315,2.038332826,5.846333315,2.038332826,5.849467239,2.038332826,5.849467239,2.038332826,5.658027372,2.038332826,5.658027372,2.038332826,5.658027372,2.038332826,5.658027372,2.038332826,5.658027372,2.038332826,5.658027372,2.038332826,5.658027372,2.038332826,5.658027372,2.038332826,5.658027372,2.038332826,5.658027372,2.038332826
Q2-1987,7.401055759,3.699174564,7.401055759,3.699174564,7.401055759,3.699174564,7.401055759,3.699174564,7.394590872,3.699174564,7.394590872,3.699174564,7.307870787,3.699174564,7.307870787,3.699174564,7.307870787,3.699174564,7.307870787,3.699174564,7.307870787,3.699174564,7.307870787,3.699174564,7.307870787,3.699174564,7.307870787,3.699174564,7.307870787,3.699174564,7.307870787,3.699174564
Q3-1987,6.716823511,4.162868429,6.716823511,4.162868429,6.716823511,4.162868429,6.716823511,4.162868429,6.721237478,4.162868429,6.721237478,4.162868429,6.685922759,4.162868429,6.685922759,4.162868429,6.685922759,4.162868429,6.685922759,4.162868429,6.685922759,4.162868429,6.685922759,4.162868429,6.685922759,4.162868429,6.685922759,4.162868429,6.685922759,4.162868429,6.685922759,4.162868429
Q4-1987,10.35382273,4.405552203,10.35382273,4.405552203,10.35382273,4.405552203,10.35382273,4.405552203,10.35037557,4.405552203,10.35037557,4.405552203,10.49819481,4.405552203,10.49819481,4.405552203,10.49819481,4.405552203,10.49819481,4.405552203,10.49819481,4.405552203,10.49819481,4.405552203,10.49819481,4.405552203,10.49819481,4.405552203,10.49819481,4.405552203,10.49819481,4.405552203
Q1-1988,5.518093685,3.965414431,5.518093685,3.965414431,5.518093685,3.965414431,5.518093685,3.965414431,5.521858429,3.965414431,5.521858429,3.965414431,5.325039646,3.965414431,5.325039646,3.965414431,5.325039646,3.965414431,5.325039646,3.965414431,5.325039646,3.965414431,5.325039646,3.965414431,5.325039646,3.965414431,5.325039646,3.965414431,5.325039646,3.965414431,5.325039646,3.965414431
Q2-1988,9.523657593,3.97995283,9.523657593,3.97995283,9.523657593,3.97995283,9.523657593,3.97995283,9.522955575,3.97995283,9.522955575,3.97995283,9.520306453,3.97995283,9.520306453,3.97995283,9.520306453,3.97995283,9.520306453,3.97995283,9.520306453,3.97995283,9.520306453,3.97995283,9.520306453,3.97995283,9.520306453,3.97995283,9.520306453,3.97995283,9.520306453,3.97995283
Q3-1988,7.239740514,4.14235706,7.239740514,4.14235706,7.239740514,4.14235706,7.239740514,4.14235706,7.238030729,4.14235706,7.238030729,4.14235706,7.3462073,4.14235706,7.3462073,4.14235706,7.3462073,4.14235706,7.3462073,4.14235706,7.3462073,4.14235706,7.3462073,4.14235706,7.3462073,4.14235706,7.3462073,4.14235706,7.3462073,4.14235706,7.3462073,4.14235706
Q4-1988,8.821884298,4.306358382,8.821884298,4.306358382,8.821884298,4.306358382,8.821884298,4.306358382,8.8240797,4.306358382,8.8240797,4.306358382,9.131190194,4.306358382,9.131190194,4.306358382,9.131190194,4.306358382,9.131190194,4.306358382,9.131190194,4.306358382,9.131190194,4.306358382,9.131190194,4.306358382,9.131190194,4.306358382,9.131190194,4.306358382,9.131190194,4.306358382
Q1-1989,8.749620281,4.674505305,8.749620281,4.674505305,8.749620281,4.674505305,8.749620281,4.674505305,8.74479808,4.674505305,8.74479808,4.674505305,8.538624963,4.674505305,8.538624963,4.674505305,8.538624963,4.674505305,8.538624963,4.674505305,8.538624963,4.674505305,8.538624963,4.674505305,8.538624963,4.674505305,8.538624963,4.674505305,8.538624963,4.674505305,8.538624963,4.674505305
Q2-1989,7.511826645,5.160192798,7.511826645,5.160192798,7.511826645,5.160192798,7.511826645,5.160192798,7.517777149,5.160192798,7.517777149,5.160192798,7.550533947,5.160192798,7.550533947,5.160192798,7.550533947,5.160192798,7.550533947,5.160192798,7.550533947,5.160192798,7.550533947,5.160192798,7.550533947,5.160192798,7.550533947,5.160192798,7.550533947,5.160192798,7.550533947,5.160192798
Q3-1989,6.045274893,4.705882353,6.045274893,4.705882353,6.045274893,4.705882353,6.045274893,4.705882353,6.039821728,4.705882353,6.039821728,4.705882353,6.040626349,4.705882353,6.040626349,4.705882353,6.040626349,4.705882353,6.040626349,4.705882353,6.040626349,4.705882353,6.040626349,4.705882353,6.040626349,4.705882353,6.040626349,4.705882353,6.040626349,4.705882353,6.040626349,4.705882353
Q4-1989,3.677354996,4.627320587,3.677354996,4.627320587,3.677354996,4.627320587,3.677354996,4.627320587,3.683716006,4.627320587,3.683716006,4.627320587,3.693176398,4.627320587,3.693176398,4.627320587,3.693176398,4.627320587,3.693176398,4.627320587,3.693176398,4.627320587,3.693176398,4.627320587,3.693176398,4.627320587,3.693176398,4.627320587,3.693176398,4.627320587,3.693176398,4.627320587
Q1-1990,9.139526153,5.232876712,9.139526153,5.232876712,9.139526153,5.232876712,9.139526153,5.232876712,9.138787105,5.232876712,9.138787105,5.232876712,9.022248147,5.232876712,9.022248147,5.232876712,9.022248147,5.232876712,9.022248147,5.232876712,9.022248147,5.232876712,9.022248147,5.232876712,9.022248147,5.232876712,9.022248147,5.232876712,9.022248147,5.232876712,9.022248147,5.232876712
Q2-1990,5.819888936,4.583445673,5.819888936,4.583445673,5.819888936,4.583445673,5.819888936,4.583445673,5.814894565,4.583445673,5.814894565,4.583445673,6.081985685,4.583445673,6.081985685,4.583445673,6.081985685,4.583445673,6.081985685,4.583445673,6.081985685,4.583445673,6.081985685,4.583445673,6.081985685,4.583445673,6.081985685,4.583445673,6.081985685,4.583445673,6.081985685,4.583445673
Q3-1990,3.719588249,5.56447298,3.719588249,5.56447298,3.719588249,5.56447298,3.719588249,5.56447298,3.722293895,5.56447298,3.722293895,5.56447298,3.748739249,5.56447298,3.748739249,5.56447298,3.748739249,5.56447298,3.748739249,5.56447298,3.748739249,5.56447298,3.748739249,5.56447298,3.748739249,5.56447298,3.748739249,5.56447298,3.748739249,5.56447298,3.748739249,5.56447298
Q4-1990,-0.410677076,6.276483051,-0.410677076,6.276483051,-0.410677076,6.276483051,-0.410677076,6.276483051,-0.408824983,6.276483051,-0.408824983,6.276483051,-0.688674797,6.276483051,-0.688674797,6.276483051,-0.688674797,6.276483051,-0.688674797,6.276483051,-0.688674797,6.276483051,-0.688674797,6.276483051,-0.688674797,6.276483051,-0.688674797,6.276483051,-0.688674797,6.276483051,-0.688674797,6.276483051
Q1-1991,2.115089416,5.259047123,2.115089416,5.259047123,2.115089416,5.259047123,2.115089416,5.259047123,2.11069332,5.259047123,2.11069332,5.259047123,2.043543018,5.259047123,2.043543018,5.259047123,2.043543018,5.259047123,2.043543018,5.259047123,2.043543018,5.259047123,2.043543018,5.259047123,2.043543018,5.259047123,2.043543018,5.259047123,2.043543018,5.259047123,2.043543018,5.259047123
Q2-1991,5.989740094,4.846609951,5.989740094,4.846609951,5.989740094,4.846609951,5.989740094,4.846609951,5.992878876,4.846609951,5.992878876,4.846609951,6.216517847,4.846609951,6.216517847,4.846609951,6.216517847,4.846609951,6.216517847,4.846609951,6.216517847,4.846609951,6.216517847,4.846609951,6.216517847,4.846609951,6.216517847,4.846609951,6.216517847,4.846609951,6.216517847,4.846609951
Q3-1991,4.959775206,3.852002027,4.959775206,3.852002027,4.959775206,3.852002027,4.959775206,3.852002027,4.960643046,3.852002027,4.960643046,3.852002027,5.263318181,3.852002027,5.263318181,3.852002027,5.263318181,3.852002027,5.263318181,3.852002027,5.263318181,3.852002027,5.263318181,3.852002027,5.263318181,3.852002027,5.263318181,3.852002027,5.263318181,3.852002027,5.263318181,3.852002027
Q4-1991,3.97533083,2.965362572,3.97533083,2.965362572,3.97533083,2.965362572,3.97533083,2.965362572,3.973393858,2.965362572,3.973393858,2.965362572,3.831062095,2.965362572,3.831062095,2.965362572,3.831062095,2.965362572,3.831062095,2.965362572,3.831062095,2.965362572,3.831062095,2.965362572,3.831062095,2.965362572,3.831062095,2.965362572,3.831062095,2.965362572,3.831062095,2.965362572
Q1-1992,6.624154292,2.893890675,6.624154292,2.893890675,6.624154292,2.893890675,6.624154292,2.893890675,6.624292295,2.893890675,6.624292295,2.893890675,6.443413542,2.893890675,6.443413542,2.893890675,6.443413542,2.893890675,6.443413542,2.893890675,6.443413542,2.893890675,6.443413542,2.893890675,6.443413542,2.893890675,6.443413542,2.893890675,6.443413542,2.893890675,6.443413542,2.893890675
Q2-1992,7.175073452,3.073518564,7.175073452,3.073518564,7.175073452,3.073518564,7.175073452,3.073518564,7.175141792,3.073518564,7.175141792,3.073518564,6.941540068,3.073518564,6.941540068,3.073518564,6.941540068,3.073518564,6.941540068,3.073518564,6.941540068,3.073518564,6.941540068,3.073518564,6.941540068,3.073518564,6.941540068,3.073518564,6.941540068,3.073518564,6.941540068,3.073518564
Q3-1992,5.931339907,3.074670571,5.931339907,3.074670571,5.931339907,3.074670571,5.931339907,3.074670571,5.934493164,3.074670571,5.934493164,3.074670571,6.059877626,3.074670571,6.059877626,3.074670571,6.059877626,3.074670571,6.059877626,3.074670571,6.059877626,3.074670571,6.059877626,3.074670571,6.059877626,3.074670571,6.059877626,3.074670571,6.059877626,3.074670571,6.059877626,3.074670571
Q4-1992,6.919776435,3.121974831,6.919776435,3.121974831,6.919776435,3.121974831,6.919776435,3.121974831,6.91365863,3.121974831,6.91365863,3.121974831,7.137514531,3.121974831,7.137514531,3.121974831,7.137514531,3.121974831,7.137514531,3.121974831,7.137514531,3.121974831,7.137514531,3.121974831,7.137514531,3.121974831,7.137514531,3.121974831,7.137514531,3.121974831,7.137514531,3.121974831
Q1-1993,3.056397151,3.173076923,3.056397151,3.173076923,3.056397151,3.173076923,3.056397151,3.173076923,3.058190381,3.173076923,3.058190381,3.173076923,2.945162419,3.173076923,2.945162419,3.173076923,2.945162419,3.173076923,2.945162419,3.173076923,2.945162419,3.173076923,2.945162419,3.173076923,2.945162419,3.173076923,2.945162419,3.173076923,2.945162419,3.173076923,2.945162419,3.173076923
Q2-1993,4.912996532,3.125,4.912996532,3.125,4.912996532,3.125,4.912996532,3.125,4.91374723,3.125,4.91374723,3.125,4.808659839,3.125,4.808659839,3.125,4.808659839,3.125,4.808659839,3.125,4.808659839,3.125,4.808659839,3.125,4.808659839,3.125,4.808659839,3.125,4.808659839,3.125,4.808659839,3.125
Q3-1993,4.441326773,2.817234848,4.441326773,2.817234848,4.441326773,2.817234848,4.441326773,2.817234848,4.443024998,2.817234848,4.443024998,2.817234848,4.367585587,2.817234848,4.367585587,2.817234848,4.367585587,2.817234848,4.367585587,2.817234848,4.367585587,2.817234848,4.367585587,2.817234848,4.367585587,2.817234848,4.367585587,2.817234848,4.367585587,2.817234848,4.367585587,2.817234848
Q4-1993,7.661298686,2.769302981,7.661298686,2.769302981,7.661298686,2.769302981,7.661298686,2.769302981,7.66262074,2.769302981,7.66262074,2.769302981,7.873493636,2.769302981,7.873493636,2.769302981,7.873493636,2.769302981,7.873493636,2.769302981,7.873493636,2.769302981,7.873493636,2.769302981,7.873493636,2.769302981,7.873493636,2.769302981,7.873493636,2.769302981,7.873493636,2.769302981
Q1-1994,6.017931699,2.539608574,6.017931699,2.539608574,6.017931699,2.539608574,6.017931699,2.539608574,6.012842253,2.539608574,6.012842253,2.539608574,5.940165284,2.539608574,5.940165284,2.539608574,5.940165284,2.539608574,5.940165284,2.539608574,5.940165284,2.539608574,5.940165284,2.539608574,5.940165284,2.539608574,5.940165284,2.539608574,5.940165284,2.539608574,5.940165284,2.539608574
Q2-1994,7.695475211,2.382604673,7.695475211,2.382604673,7.695475211,2.382604673,7.695475211,2.382604673,7.700735346,2.382604673,7.700735346,2.382604673,7.586481442,2.382604673,7.586481442,2.382604673,7.586481442,2.382604673,7.586481442,2.382604673,7.586481442,2.382604673,7.586481442,2.382604673,7.586481442,2.382604673,7.586481442,2.382604673,7.586481442,2.382604673,7.586481442,2.382604673
Q3-1994,4.617183921,2.855169238,4.617183921,2.855169238,4.617183921,2.855169238,4.617183921,2.855169238,4.611917359,2.855169238,4.611917359,2.855169238,4.725910527,2.855169238,4.725910527,2.855169238,4.725910527,2.855169238,4.725910527,2.855169238,4.725910527,2.855169238,4.725910527,2.855169238,4.725910527,2.855169238,4.725910527,2.855169238,4.725910527,2.855169238,4.725910527,2.855169238
Q4-1994,6.941665215,2.603334095,6.941665215,2.603334095,6.941665215,2.603334095,6.941665215,2.603334095,6.94205206,2.603334095,6.94205206,2.603334095,6.95154187,2.603334095,6.95154187,2.603334095,6.95154187,2.603334095,6.95154187,2.603334095,6.95154187,2.603334095,6.95154187,2.603334095,6.95154187,2.603334095,6.95154187,2.603334095,6.95154187,2.603334095,6.95154187,2.603334095
Q1-1995,3.720888271,2.840263576,3.720888271,2.840263576,3.720888271,2.840263576,3.720888271,2.840263576,3.722832469,2.840263576,3.722832469,2.840263576,3.6435687,2.840263576,3.6435687,2.840263576,3.6435687,2.840263576,3.6435687,2.840263576,3.6435687,2.840263576,3.6435687,2.840263576,3.6435687,2.840263576,3.6435687,2.840263576,3.6435687,2.840263576,3.6435687,2.840263576
Q2-1995,3.197216426,3.095345685,3.197216426,3.095345685,3.197216426,3.095345685,3.197216426,3.095345685,3.198683692,3.095345685,3.198683692,3.095345685,3.158552737,3.095345685,3.158552737,3.095345685,3.158552737,3.095345685,3.158552737,3.095345685,3.158552737,3.095345685,3.158552737,3.095345685,3.158552737,3.095345685,3.158552737,3.095345685,3.158552737,3.095345685,3.158552737,3.095345685
Q3-1995,5.451970664,2.6639803,5.451970664,2.6639803,5.451970664,2.6639803,5.451970664,2.6639803,5.452391717,2.6639803,5.452391717,2.6639803,5.498502906,2.6639803,5.498502906,2.6639803,5.498502906,2.6639803,5.498502906,2.6639803,5.498502906,2.6639803,5.498502906,2.6639803,5.498502906,2.6639803,5.498502906,2.6639803,5.498502906,2.6639803,5.498502906,2.6639803
Q4-1995,4.91517724,2.62630759,4.91517724,2.62630759,4.91517724,2.62630759,4.91517724,2.62630759,4.913112503,2.62630759,4.913112503,2.62630759,4.739512493,2.62630759,4.739512493,2.62630759,4.739512493,2.62630759,4.739512493,2.62630759,4.739512493,2.62630759,4.739512493,2.62630759,4.739512493,2.62630759,4.739512493,2.62630759,4.739512493,2.62630759,4.739512493,2.62630759
Q1-1996,4.887412197,2.783915157,4.887412197,2.783915157,4.887412197,2.783915157,4.887412197,2.783915157,4.890233854,2.783915157,4.890233854,2.783915157,5.026426205,2.783915157,5.026426205,2.783915157,5.026426205,2.783915157,5.026426205,2.783915157,5.026426205,2.783915157,5.026426205,2.783915157,5.026426205,2.783915157,5.026426205,2.783915157,5.026426205,2.783915157,5.026426205,2.783915157
Q2-1996,8.811052993,2.827087442,8.811052993,2.827087442,8.811052993,2.827087442,8.811052993,2.827087442,8.810406116,2.827087442,8.810406116,2.827087442,8.621484758,2.827087442,8.621484758,2.827087442,8.621484758,2.827087442,8.621484758,2.827087442,8.621484758,2.827087442,8.621484758,2.827087442,8.621484758,2.827087442,8.621484758,2.827087442,8.621484758,2.827087442,8.621484758,2.827087442
Q3-1996,4.92628564,2.900130833,4.92628564,2.900130833,4.92628564,2.900130833,4.92628564,2.900130833,4.92667539,2.900130833,4.92667539,2.900130833,4.999333924,2.900130833,4.999333924,2.900130833,4.999333924,2.900130833,4.999333924,2.900130833,4.999333924,2.900130833,4.999333924,2.900130833,4.999333924,2.900130833,4.999333924,2.900130833,4.999333924,2.900130833,4.999333924,2.900130833
Q4-1996,6.429638106,3.231403166,6.429638106,3.231403166,6.429638106,3.231403166,6.429638106,3.231403166,6.426264352,3.231403166,6.426264352,3.231403166,6.465529012,3.231403166,6.465529012,3.231403166,6.465529012,3.231403166,6.465529012,3.231403166,6.465529012,3.231403166,6.465529012,3.231403166,6.465529012,3.231403166,6.465529012,3.231403166,6.465529012,3.231403166,6.465529012,3.231403166
Q1-1997,5.667410948,2.944969905,5.667410948,2.944969905,5.667410948,2.944969905,5.667410948,2.944969905,5.666520812,2.944969905,5.666520812,2.944969905,5.076281295,2.944969905,5.076281295,2.944969905,5.076281295,2.944969905,5.076281295,2.944969905,5.076281295,2.944969905,5.076281295,2.944969905,5.076281295,2.944969905,5.076281295,2.944969905,5.076281295,2.944969905,5.076281295,2.944969905
Q2-1997,7.324548741,2.301790281,7.324548741,2.301790281,7.324548741,2.301790281,7.324548741,2.301790281,7.328600551,2.301790281,7.328600551,2.301790281,7.681740186,2.301790281,7.681740186,2.301790281,7.681740186,2.301790281,7.681740186,2.301790281,7.681740186,2.301790281,7.681740186,2.301790281,7.681740186,2.301790281,7.681740186,2.301790281,7.681740186,2.301790281,7.681740186,2.301790281
Q3-1997,6.705902339,2.22504768,6.705902339,2.22504768,6.705902339,2.22504768,6.705902339,2.22504768,6.701745342,2.22504768,6.701745342,2.22504768,6.93477913,2.22504768,6.93477913,2.22504768,6.93477913,2.22504768,6.93477913,2.22504768,6.93477913,2.22504768,6.93477913,2.22504768,6.93477913,2.22504768,6.93477913,2.22504768,6.93477913,2.22504768,6.93477913,2.22504768
Q4-1997,4.515474494,1.890756303,4.515474494,1.890756303,4.515474494,1.890756303,4.515474494,1.890756303,4.51854228,1.890756303,4.51854228,1.890756303,4.845470138,1.890756303,4.845470138,1.890756303,4.845470138,1.890756303,4.845470138,1.890756303,4.845470138,1.890756303,4.845470138,1.890756303,4.845470138,1.890756303,4.845470138,1.890756303,4.845470138,1.890756303,4.845470138,1.890756303
Q1-1998,4.69571945,1.48256421,4.69571945,1.48256421,4.69571945,1.48256421,4.69571945,1.48256421,4.696273884,1.48256421,4.696273884,1.48256421,4.668866232,1.48256421,4.668866232,1.48256421,4.668866232,1.48256421,4.668866232,1.48256421,4.668866232,1.48256421,4.668866232,1.48256421,4.668866232,1.48256421,4.668866232,1.48256421,4.668866232,1.48256421,4.668866232,1.48256421
Q2-1998,4.808935769,1.583333333,4.808935769,1.583333333,4.808935769,1.583333333,4.808935769,1.583333333,4.809197807,1.583333333,4.809197807,1.583333333,4.738541705,1.583333333,4.738541705,1.583333333,4.738541705,1.583333333,4.738541705,1.583333333,4.738541705,1.583333333,4.738541705,1.583333333,4.738541705,1.583333333,4.738541705,1.583333333,4.738541705,1.583333333,4.738541705,1.583333333
Q3-1998,6.923464754,1.596185738,6.923464754,1.596185738,6.923464754,1.596185738,6.923464754,1.596185738,6.922639845,1.596185738,6.922639845,1.596185738,6.924399383,1.596185738,6.924399383,1.596185738,6.924399383,1.596185738,6.924399383,1.596185738,6.924399383,1.596185738,6.924399383,1.596185738,6.924399383,1.596185738,6.924399383,1.596185738,6.924399383,1.596185738,6.924399383,1.596185738
Q4-1998,8.070212879,1.525773196,8.070212879,1.525773196,8.070212879,1.525773196,8.070212879,1.525773196,8.066902739,1.525773196,8.066902739,1.525773196,7.800479596,1.525773196,7.800479596,1.525773196,7.800479596,1.525773196,7.800479596,1.525773196,7.800479596,1.525773196,7.800479596,1.525773196,7.800479596,1.525773196,7.800479596,1.525773196,7.800479596,1.525773196,7.800479596,1.525773196
Q1-1999,5.309678811,1.687242798,5.309678811,1.687242798,5.309678811,1.687242798,5.309678811,1.687242798,5.312071095,1.687242798,5.312071095,1.687242798,5.411984963,1.687242798,5.411984963,1.687242798,5.411984963,1.687242798,5.411984963,1.687242798,5.411984963,1.687242798,5.162279,1.687242798,5.162279,1.687242798,5.162279,1.687242798,5.162279,1.687242798,5.162279,1.687242798
Q2-1999,4.735110208,2.112387203,4.735110208,2.112387203,4.735110208,2.112387203,4.735110208,2.112387203,4.73519635,2.112387203,4.73519635,2.112387203,4.617970245,2.112387203,4.617970245,2.112387203,4.617970245,2.112387203,4.617970245,2.112387203,4.617970245,2.112387203,4.957052187,2.112387203,4.957052187,2.112387203,4.957052187,2.112387203,4.957052187,2.112387203,4.957052187,2.112387203
Q3-1999,6.660105969,2.346459906,6.660105969,2.346459906,6.660105969,2.346459906,6.660105969,2.346459906,6.659004209,2.346459906,6.659004209,2.346459906,6.789660182,2.346459906,6.789660182,2.346459906,6.789660182,2.346459906,6.789660182,2.346459906,6.789660182,2.346459906,6.907832285,2.346459906,6.907832285,2.346459906,6.907832285,2.346459906,6.907832285,2.346459906,6.907832285,2.346459906
Q4-1999,9.100371592,2.619821284,9.100371592,2.619821284,9.100371592,2.619821284,9.100371592,2.619821284,9.101314219,2.619821284,9.101314219,2.619821284,9.294209937,2.619821284,9.294209937,2.619821284,9.294209937,2.619821284,9.294209937,2.619821284,9.294209937,2.619821284,9.113956849,2.619821284,9.113956849,2.619821284,9.113956849,2.619821284,9.113956849,2.619821284,9.113956849,2.619821284
Q1-2000,4.294723484,3.257790368,4.294723484,3.257790368,4.294723484,3.257790368,4.294723484,3.257790368,4.295970719,3.257790368,4.295970719,3.257790368,4.247250602,3.257790368,4.247250602,3.257790368,4.247250602,3.257790368,4.247250602,3.257790368,4.247250602,3.257790368,4.185686288,3.257790368,4.185686288,3.257790368,4.185686288,3.257790368,4.185686288,3.257790368,4.185686288,3.257790368
Q2-2000,10.2321395,3.293834103,10.2321395,3.293834103,10.2321395,3.293834103,10.2321395,3.293834103,10.2324928,3.293834103,10.2324928,3.293834103,10.15540494,3.293834103,10.15540494,3.293834103,10.15540494,3.293834103,10.15540494,3.293834103,10.15540494,3.293834103,10.18703898,3.293834103,10.18703898,3.293834103,10.18703898,3.293834103,10.18703898,3.293834103,10.18703898,3.293834103
Q3-2000,3.114048176,3.468899522,3.114048176,3.468899522,3.114048176,3.468899522,3.114048176,3.468899522,3.114235029,3.468899522,3.114235029,3.468899522,2.845970045,3.468899522,2.845970045,3.468899522,2.845970045,3.468899522,2.845970045,3.468899522,2.845970045,3.468899522,2.778167842,3.468899522,2.778167842,3.468899522,2.778167842,3.468899522,2.778167842,3.468899522,2.778167842,3.468899522
Q4-2000,4.511794361,3.443498912,4.511794361,3.443498912,4.511794361,3.443498912,4.511794361,3.443498912,4.509379305,3.443498912,4.509379305,3.443498912,4.700901166,3.443498912,4.700901166,3.443498912,4.700901166,3.443498912,4.700901166,3.443498912,4.700901166,3.443498912,4.636641908,3.443498912,4.636641908,3.443498912,4.636641908,3.443498912,4.636641908,3.443498912,4.636641908,3.443498912
Q1-2001,1.374444752,3.409758965,1.374444752,3.409758965,1.374444752,3.409758965,1.374444752,3.409758965,1.375835947,3.409758965,1.375835947,3.409758965,1.303533244,3.409758965,1.303533244,3.409758965,1.303533244,3.409758965,1.303533244,3.409758965,1.303533244,3.409758965,1.32844695,3.409758965,1.32844695,3.409758965,1.32844695,3.409758965,1.32844695,3.409758965,1.32844695,3.409758965
Q2-2001,5.053003634,3.324907641,5.053003634,3.324907641,5.053003634,3.324907641,5.053003634,3.324907641,5.051531876,3.324907641,5.051531876,3.324907641,4.858137624,3.324907641,4.858137624,3.324907641,4.858137624,3.324907641,4.858137624,3.324907641,4.858137624,3.324907641,5.010932466,3.324907641,5.010932466,3.324907641,5.010932466,3.324907641,5.010932466,3.324907641,5.010932466,3.324907641
Q3-2001,0.041366018,2.67822736,0.041366018,2.67822736,0.041366018,2.67822736,0.041366018,2.67822736,0.041441303,2.67822736,0.041441303,2.67822736,-0.057659756,2.67822736,-0.057659756,2.67822736,-0.057659756,2.67822736,-0.057659756,2.67822736,-0.057659756,2.67822736,-0.036979492,2.67822736,-0.036979492,2.67822736,-0.036979492,2.67822736,-0.036979492,2.67822736,-0.036979492,2.67822736
Q4-2001,2.343739465,1.874880429,2.343739465,1.874880429,2.343739465,1.874880429,2.343739465,1.874880429,2.344928478,1.874880429,2.344928478,1.874880429,2.437915127,1.874880429,2.437915127,1.874880429,2.437915127,1.874880429,2.437915127,1.874880429,2.437915127,1.874880429,2.377767658,1.874880429,2.377767658,1.874880429,2.377767658,1.874880429,2.377767658,1.874880429,2.377767658,1.874880429
Q1-2002,5.068686955,1.23176047,5.068686955,1.23176047,5.068686955,1.23176047,5.068686955,1.23176047,5.069764897,1.23176047,5.069764897,1.23176047,4.915659439,1.23176047,4.915659439,1.23176047,4.915659439,1.23176047,4.915659439,1.23176047,4.915659439,1.23176047,4.697033405,1.23176047,4.697033405,1.23176047,4.697033405,1.23176047,4.697033405,1.23176047,4.697033405,1.23176047
Q2-2002,3.758554925,1.317275122,3.758554925,1.317275122,3.758554925,1.317275122,3.758554925,1.317275122,3.755009309,1.317275122,3.755009309,1.317275122,3.921637697,1.317275122,3.921637697,1.317275122,3.921637697,1.317275122,3.921637697,1.317275122,3.921637697,1.317275122,3.912386489,1.317275122,3.912386489,1.317275122,3.912386489,1.317275122,3.912386489,1.317275122,3.912386489,1.317275122
Q3-2002,3.795023918,1.576280728,3.795023918,1.576280728,3.795023918,1.576280728,3.795023918,1.576280728,3.795228895,1.576280728,3.795228895,1.576280728,3.679265784,1.576280728,3.679265784,1.576280728,3.679265784,1.576280728,3.679265784,1.576280728,3.679265784,1.576280728,3.595796381,1.576280728,3.595796381,1.576280728,3.595796381,1.576280728,3.595796381,1.576280728,3.595796381,1.576280728
Q4-2002,2.439302614,2.253521127,2.439302614,2.253521127,2.439302614,2.253521127,2.439302614,2.253521127,2.442153731,2.253521127,2.442153731,2.253521127,2.921264447,2.253521127,2.921264447,2.253521127,2.921264447,2.253521127,2.921264447,2.253521127,2.921264447,2.253521127,2.848307538,2.253521127,2.848307538,2.253521127,2.848307538,2.253521127,2.848307538,2.253521127,2.848307538,2.253521127
Q1-2003,4.628011423,2.976413328,4.628011423,2.976413328,4.628011423,2.976413328,4.628011423,2.976413328,4.625910081,2.976413328,4.625910081,2.976413328,4.109893845,2.976413328,4.109893845,2.976413328,4.109893845,2.976413328,4.109893845,2.976413328,4.109893845,2.976413328,4.137980323,2.976413328,4.137980323,2.976413328,4.137980323,2.976413328,4.137980323,2.976413328,4.137980323,2.976413328
Q2-2003,5.102806202,2.005943536,5.102806202,2.005943536,5.102806202,2.005943536,5.102806202,2.005943536,5.101892057,2.005943536,5.101892057,2.005943536,4.708008175,2.005943536,4.708008175,2.005943536,4.708008175,2.005943536,4.708008175,2.005943536,4.708008175,2.005943536,5.055910955,2.005943536,5.055910955,2.005943536,5.055910955,2.005943536,5.055910955,2.005943536,5.055910955,2.005943536
Q3-2003,9.254160406,2.216885276,9.254160406,2.216885276,9.254160406,2.216885276,9.254160406,2.216885276,9.257357755,2.216885276,9.257357755,2.216885276,9.304979645,2.216885276,9.304979645,2.216885276,9.304979645,2.216885276,9.304979645,2.216885276,9.304979645,2.216885276,9.284360356,2.216885276,9.284360356,2.216885276,9.284360356,2.216885276,9.284360356,2.216885276,9.284360356,2.216885276
Q4-2003,6.761028966,2.001836547,6.761028966,2.001836547,6.761028966,2.001836547,6.761028966,2.001836547,6.760645531,2.001836547,6.760645531,2.001836547,7.168447919,2.001836547,7.168447919,2.001836547,7.168447919,2.001836547,7.168447919,2.001836547,7.168447919,2.001836547,7.300640336,2.001836547,7.300640336,2.001836547,7.300640336,2.001836547,7.300640336,2.001836547,7.300640336,2.001836547
Q1-2004,5.936436375,1.8178513,5.936436375,1.8178513,5.936436375,1.8178513,5.936436375,1.8178513,5.935574209,1.8178513,5.935574209,1.8178513,5.227876945,1.8178513,5.227876945,1.8178513,5.227876945,1.8178513,5.227876945,1.8178513,5.227876945,1.8178513,5.237799366,1.8178513,5.237799366,1.8178513,5.237799366,1.8178513,5.237799366,1.8178513,5.237799366,1.8178513
Q2-2004,6.596738589,2.785870357,6.596738589,2.785870357,6.596738589,2.785870357,6.596738589,2.785870357,6.596561883,2.785870357,6.596561883,2.785870357,6.488228145,2.785870357,6.488228145,2.785870357,6.488228145,2.785870357,6.488228145,2.785870357,6.488228145,2.785870357,6.505745018,2.785870357,6.505745018,2.785870357,6.505745018,2.785870357,6.505745018,2.785870357,6.505745018,2.785870357
Q3-2004,6.259300149,2.674859931,6.259300149,2.674859931,6.259300149,2.674859931,6.259300149,2.674859931,6.260882078,2.674859931,6.260882078,2.674859931,6.576352179,2.674859931,6.576352179,2.674859931,6.576352179,2.674859931,6.576352179,2.674859931,6.576352179,2.674859931,6.509777097,2.674859931,6.509777097,2.674859931,6.509777097,2.674859931,6.509777097,2.674859931,6.509777097,2.674859931
Q4-2004,6.440534118,3.384947785,6.440534118,3.384947785,6.440534118,3.384947785,6.440534118,3.384947785,6.437765424,3.384947785,6.437765424,3.384947785,7.315302444,3.384947785,7.315302444,3.384947785,7.315302444,3.384947785,7.315302444,3.384947785,7.315302444,3.384947785,7.410854846,3.384947785,7.410854846,3.384947785,7.410854846,3.384947785,7.410854846,3.384947785,7.410854846,3.384947785
Q1-2005,8.251866631,3.035172291,8.251866631,3.035172291,8.251866631,3.035172291,8.251866631,3.035172291,8.254121995,3.035172291,8.254121995,3.035172291,7.852683025,3.035172291,7.852683025,3.035172291,7.852683025,3.035172291,7.852683025,3.035172291,7.852683025,3.035172291,7.888800003,3.035172291,7.888800003,3.035172291,7.888800003,3.035172291,7.888800003,3.035172291,7.888800003,3.035172291
Q2-2005,5.101945823,2.922940655,5.101945823,2.922940655,5.101945823,2.922940655,5.101945823,2.922940655,5.100443505,2.922940655,5.100443505,2.922940655,4.742568363,2.922940655,4.742568363,2.922940655,4.742568363,2.922940655,4.742568363,2.922940655,4.742568363,2.922940655,4.957332828,2.922940655,4.957332828,2.922940655,4.957332828,2.922940655,4.957332828,2.922940655,4.957332828,2.922940655
Q3-2005,7.324105914,3.819750044,7.324105914,3.819750044,7.324105914,3.819750044,7.324105914,3.819750044,7.326131352,3.819750044,7.326131352,3.819750044,7.412126802,3.819750044,7.412126802,3.819750044,7.412126802,3.819750044,7.412126802,3.819750044,7.412126802,3.819750044,6.985169199,3.819750044,6.985169199,3.819750044,6.985169199,3.819750044,6.985169199,3.819750044,6.985169199,3.819750044
Q4-2005,5.444985733,3.674677813,5.444985733,3.674677813,5.444985733,3.674677813,5.444985733,3.674677813,5.4444625,3.674677813,5.4444625,3.674677813,5.891511975,3.674677813,5.891511975,3.674677813,5.891511975,3.674677813,5.891511975,3.674677813,5.891511975,3.674677813,5.641456691,3.674677813,5.641456691,3.674677813,5.641456691,3.674677813,5.641456691,3.674677813,5.641456691,3.674677813
Q1-2006,8.232684877,3.690868134,8.232684877,3.690868134,8.232684877,3.690868134,8.232684877,3.690868134,8.231873529,3.690868134,8.231873529,3.690868134,8.401562628,3.690868134,8.401562628,3.690868134,8.401562628,3.690868134,8.401562628,3.690868134,8.401562628,3.690868134,8.51336735,3.690868134,8.51336735,3.690868134,8.51336735,3.690868134,8.51336735,3.690868134,8.51336735,3.690868134
Q2-2006,4.496215349,3.924268503,4.496215349,3.924268503,4.496215349,3.924268503,4.496215349,3.924268503,4.495911118,3.924268503,4.495911118,3.924268503,4.358624228,3.924268503,4.358624228,3.924268503,4.358624228,3.924268503,4.358624228,3.924268503,4.358624228,3.924268503,4.615249179,3.924268503,4.615249179,3.924268503,4.615249179,3.924268503,4.615249179,3.924268503,4.615249179,3.924268503
Q3-2006,3.188193754,3.340115293,3.188193754,3.340115293,3.188193754,3.340115293,3.188193754,3.340115293,3.188313862,3.340115293,3.188313862,3.340115293,3.467160894,3.340115293,3.467160894,3.340115293,3.467160894,3.340115293,3.467160894,3.340115293,3.467160894,3.340115293,3.439416706,3.340115293,3.439416706,3.340115293,3.439416706,3.340115293,3.439416706,3.340115293,3.439416706,3.340115293
Q4-2006,4.61902613,1.965395599,4.61902613,1.965395599,4.61902613,1.965395599,4.61902613,1.965395599,4.618193806,1.965395599,4.618193806,1.965395599,4.987259931,1.965395599,4.987259931,1.965395599,4.987259931,1.965395599,4.987259931,1.965395599,4.987259931,1.965395599,4.974689384,1.965395599,4.974689384,1.965395599,4.974689384,1.965395599,4.974689384,1.965395599,4.974689384,1.965395599
Q1-2007,4.828254752,2.43165107,4.828254752,2.43165107,4.828254752,2.43165107,4.828254752,2.43165107,4.829915017,2.43165107,4.829915017,2.43165107,4.972598181,2.43165107,4.972598181,2.43165107,4.972598181,2.43165107,4.972598181,2.43165107,4.972598181,2.43165107,5.112174942,2.43165107,5.112174942,2.43165107,5.112174942,2.43165107,5.112174942,2.43165107,5.112174942,2.43165107
Q2-2007,5.421184772,2.665286519,5.421184772,2.665286519,5.421184772,2.665286519,5.421184772,2.665286519,5.420794574,2.665286519,5.420794574,2.665286519,4.983155107,2.665286519,4.983155107,2.665286519,4.983155107,2.665286519,4.983155107,2.665286519,4.983155107,2.665286519,5.349894714,2.665286519,5.349894714,2.665286519,5.349894714,2.665286519,5.349894714,2.665286519,5.349894714,2.665286519
Q3-2007,4.151214179,2.348974569,4.151214179,2.348974569,4.151214179,2.348974569,4.151214179,2.348974569,4.150123817,2.348974569,4.150123817,2.348974569,4.31326036,2.348974569,4.31326036,2.348974569,4.31326036,2.348974569,4.31326036,2.348974569,4.31326036,2.348974569,4.576841159,2.348974569,4.576841159,2.348974569,4.576841159,2.348974569,4.576841159,2.348974569,4.576841159,2.348974569
Q4-2007,3.21168164,4.031136738,3.21168164,4.031136738,3.21168164,4.031136738,3.21168164,4.031136738,3.213233439,4.031136738,3.213233439,4.031136738,4.092953959,4.031136738,4.092953959,4.031136738,4.092953959,4.031136738,4.092953959,4.031136738,4.092953959,4.031136738,4.210451206,4.031136738,4.210451206,4.031136738,4.210451206,4.031136738,4.210451206,4.031136738,4.210451206,4.031136738
Q1-2008,-0.45953026,4.137035424,-0.45953026,4.137035424,-0.45953026,4.137035424,-0.45953026,4.137035424,-0.45912216,4.137035424,-0.45912216,4.137035424,-0.827362943,4.137035424,-0.827362943,4.137035424,-0.827362943,4.137035424,-0.827362943,4.137035424,-0.827362943,4.137035424,-0.231398429,4.137035424,-0.231398429,4.137035424,-0.231398429,4.137035424,-0.231398429,4.137035424,-0.231398429,4.137035424
Q2-2008,4.001861711,4.310421315,4.001861711,4.310421315,4.001861711,4.310421315,4.001861711,4.310421315,3.999855313,4.310421315,3.999855313,4.310421315,4.287352134,4.310421315,4.287352134,4.310421315,4.287352134,4.310421315,4.287352134,4.310421315,4.287352134,4.310421315,4.399826243,4.310421315,4.399826243,4.310421315,4.399826243,4.310421315,4.399826243,4.310421315,4.399826243,4.310421315
Q3-2008,0.812563539,5.252501936,0.812563539,5.252501936,0.812563539,5.252501936,0.812563539,5.252501936,0.81280948,5.252501936,0.81280948,5.252501936,0.801445899,5.252501936,0.801445899,5.252501936,0.801445899,5.252501936,0.801445899,5.252501936,0.801445899,5.252501936,0.898983358,5.252501936,0.898983358,5.252501936,0.898983358,5.252501936,0.898983358,5.252501936,0.898983358,5.252501936
Q4-2008,-7.667778643,1.595802803,-7.667778643,1.595802803,-7.667778643,1.595802803,-7.667778643,1.595802803,-7.666111833,1.595802803,-7.666111833,1.595802803,-7.227582566,1.595802803,-7.227582566,1.595802803,-7.227582566,1.595802803,-7.227582566,1.595802803,-7.227582566,1.595802803,-7.581394358,1.595802803,-7.581394358,1.595802803,-7.581394358,1.595802803,-7.581394358,1.595802803,-7.581369052,1.595802803
Q1-2009,-4.48609823,-0.184236788,-4.48609823,-0.184236788,-4.48609823,-0.184236788,-4.48609823,-0.184236788,-4.48778329,-0.184236788,-4.48778329,-0.184236788,-4.456524611,-0.184236788,-4.456524611,-0.184236788,-4.456524611,-0.184236788,-4.456524611,-0.184236788,-4.456524611,-0.184236788,-4.76731843,-0.184236788,-4.76731843,-0.184236788,-4.76731843,-0.184236788,-4.76731843,-0.184236788,-4.76731811,-0.184236788
Q2-2009,-1.20420936,-0.942140044,-1.20420936,-0.942140044,-1.20420936,-0.942140044,-1.20420936,-0.942140044,-1.203328772,-0.942140044,-1.203328772,-0.942140044,-1.15366389,-0.942140044,-1.15366389,-0.942140044,-1.15366389,-0.942140044,-1.15366389,-0.942140044,-1.15366389,-0.942140044,-1.369538857,-0.942140044,-1.369538857,-0.942140044,-1.369538857,-0.942140044,-1.369538857,-0.942140044,-1.369566196,-0.942140044
Q3-2009,1.224516999,-1.606956013,1.224516999,-1.606956013,1.224516999,-1.606956013,1.224516999,-1.606956013,1.225303714,-1.606956013,1.225303714,-1.606956013,1.893397469,-1.606956013,1.893397469,-1.606956013,1.893397469,-1.606956013,1.893397469,-1.606956013,1.893397469,-1.606956013,1.894824203,-1.606956013,1.894824203,-1.606956013,1.894824203,-1.606956013,1.894824203,-1.606956013,1.894824203,-1.606956013
Q4-2009,5.169565106,1.48765638,5.169565106,1.48765638,5.169565106,1.48765638,5.169565106,1.48765638,5.168566718,1.48765638,5.168566718,1.48765638,5.887250829,1.48765638,5.887250829,1.48765638,5.887250829,1.48765638,5.887250829,1.48765638,5.887250829,1.48765638,5.721058173,1.48765638,5.721058173,1.48765638,5.721058173,1.48765638,5.721058173,1.48765638,5.721087036,1.48765638
Q1-2010,3.184279203,2.352570029,3.184279203,2.352570029,3.184279203,2.352570029,3.184279203,2.352570029,3.18292733,2.352570029,3.18292733,2.352570029,2.576588726,2.352570029,2.576588726,2.352570029,2.576588726,2.352570029,2.576588726,2.352570029,2.576588726,2.352570029,3.131078179,2.352570029,3.131078179,2.352570029,3.131078179,2.352570029,3.131078179,2.352570029,3.131022083,2.352570029
Q2-2010,5.774519583,1.775273566,5.774519583,1.775273566,5.774519583,1.775273566,5.774519583,1.775273566,5.775585901,1.775273566,5.775585901,1.775273566,5.680437433,1.775273566,5.680437433,1.775273566,5.680437433,1.775273566,5.680437433,1.775273566,5.680437433,1.775273566,5.969673948,1.775273566,5.969673948,1.775273566,5.969673948,1.775273566,5.969673948,1.775273566,5.969702657,1.775273566
Q3-2010,4.621059109,1.202881591,4.621059109,1.202881591,4.621059109,1.202881591,4.621059109,1.202881591,4.619947432,1.202881591,4.619947432,1.202881591,4.186308328,1.202881591,4.186308328,1.202881591,4.186308328,1.202881591,4.186308328,1.202881591,4.186308328,1.202881591,4.38017371,1.202881591,4.38017371,1.202881591,4.38017371,1.202881591,4.38017371,1.202881591,4.380228858,1.202881591
Q4-2010,4.661719282,1.229783901,4.661719282,1.229783901,4.661719282,1.229783901,4.661719282,1.229783901,4.663051309,1.229783901,4.663051309,1.229783901,4.337434187,1.229783901,4.337434187,1.229783901,4.337434187,1.229783901,4.337434187,1.229783901,4.337434187,1.229783901,4.508854526,1.229783901,4.508854526,1.229783901,4.508854526,1.229783901,4.508854526,1.229783901,4.508881227,1.229783901
Q1-2011,0.215535574,2.142850571,0.215535574,2.148217665,0.215535574,2.148217665,0.215535574,2.148217665,0.214562141,2.148217665,0.214562141,2.148217665,1.185880843,2.148217665,1.185880843,2.148217665,1.185880843,2.148217665,1.185880843,2.148217665,1.185880843,2.148217665,1.101172673,2.148217665,1.101172673,2.148217665,1.101172673,2.148217665,1.101172673,2.148217665,1.101198799,2.148217665
Q2-2011,5.969676174,3.356077387,5.969676174,3.34610641,5.969676174,3.34610641,5.969676174,3.34610641,5.971195684,3.34610641,5.971195684,3.34610641,5.619411813,3.34610641,5.619411813,3.34610641,5.619411813,3.34610641,5.619411813,3.34610641,5.619411813,3.34610641,5.479051542,3.34610641,5.479051542,3.34610641,5.479051542,3.34610641,5.479051542,3.34610641,5.479050086,3.34610641
Q3-2011,3.305204526,3.728034286,3.305204526,3.715951135,3.305204526,3.715951135,3.305204526,3.715951135,3.30517239,3.715951135,3.30517239,3.715951135,2.49223734,3.715951135,2.49223734,3.715951135,2.49223734,3.715951135,2.49223734,3.715951135,2.49223734,3.715951135,2.33796778,3.715951135,2.33796778,3.715951135,2.33796778,3.715951135,2.33796778,3.715951135,2.337836371,3.715951135
Q4-2011,5.184094772,3.340327751,5.184094772,3.344727711,5.184094772,3.344727711,5.184094772,3.344727711,5.183739802,3.344727711,5.183739802,3.344727711,5.353385536,3.344727711,5.353385536,3.344727711,5.353385536,3.344727711,5.353385536,3.344727711,5.353385536,3.344727711,5.067737053,3.344727711,5.067737053,3.344727711,5.067737053,3.344727711,5.067737053,3.344727711,5.067551683,3.344727711
Q1-2012,4.865464523,2.824517787,4.865464523,2.852291816,4.865464523,2.852291816,4.865464523,2.829323361,4.864646726,2.829323361,4.864646726,2.829323361,5.775409755,2.829323361,5.775409755,2.829323361,5.775409755,2.829323361,5.775409755,2.829323361,5.775409755,2.829323361,5.844199368,2.829323361,5.844199368,2.829323361,5.844199368,2.829323361,5.844199368,2.829323361,5.843912558,2.829323361
Q2-2012,3.757869758,1.901687519,3.757869758,1.901277265,3.757869758,1.901277265,3.757869758,1.887918303,3.757101991,1.887918303,3.757101991,1.887918303,3.349661749,1.887918303,3.349661749,1.887918303,3.349661749,1.887918303,3.349661749,1.887918303,3.349661749,1.887918303,3.487545541,1.887918303,3.487545541,1.887918303,3.487545541,1.887918303,3.487545541,1.887918303,3.487651883,1.887918303
Q3-2012,2.656014493,1.684221081,2.656014493,1.652858436,2.656014493,1.652858436,2.656014493,1.684859711,2.658249385,1.684859711,2.658249385,1.684859711,2.623044332,1.684859711,2.623044332,1.684859711,2.623044332,1.684859711,2.623044332,1.684859711,2.623044332,1.684859711,2.803331694,1.684859711,2.803331694,1.684859711,2.803331694,1.684859711,2.803331694,1.684859711,2.803737478,1.684859711
Q4-2012,1.721638984,1.907906618,1.721638984,1.917808621,1.721638984,1.917808621,1.721638984,1.903567832,1.721884484,1.903567832,1.721884484,1.903567832,2.526162699,1.903567832,2.526162699,1.903567832,2.526162699,1.903567832,2.526162699,1.903567832,2.526162699,1.903567832,2.49479135,1.903567832,2.49479135,1.903567832,2.49479135,1.903567832,2.49479135,1.903567832,2.495590164,1.903567832
Q1-2013,3.56632798,1.691025098,3.56632798,1.726385173,4.4434549,1.726385173,4.4434549,1.739909895,4.443213106,1.739909895,4.443213106,1.740201875,5.253050756,1.740201875,5.253050756,1.740201875,5.253050756,1.740201875,5.253050756,1.740201875,5.253050756,1.740201875,5.180760954,1.740201875,5.180760954,1.740201875,5.180760954,1.740201875,5.180760954,1.740201875,5.664974144,1.740201875
Q2-2013,2.111314566,1.407258846,2.111314566,1.397495171,1.612043447,1.397495171,1.612043447,1.407439134,1.610810939,1.407439134,1.610810939,1.414723261,1.659881555,1.414723261,1.659881555,1.414723261,1.659881555,1.414723261,1.659881555,1.414723261,1.659881555,1.414723261,1.706666723,1.414723261,1.706666723,1.414723261,1.706666723,1.414723261,1.706666723,1.414723261,1.948169259,1.414723261
Q3-2013,4.94676798,1.532339809,4.94676798,1.499189039,5.122962266,1.499189039,5.122962266,1.496831868,5.124446627,1.496831868,5.124446627,1.504953424,5.165619773,1.504953424,5.165619773,1.504953424,5.165619773,1.504953424,5.165619773,1.504953424,5.165619773,1.504953424,5.163484012,1.504953424,5.163484012,1.504953424,5.163484012,1.504953424,5.163484012,1.504953424,5.493255386,1.504953424
Q4-2013,5.616894361,1.228915385,5.616894361,1.246173681,6.120386071,1.246173681,6.120386071,1.21796608,6.118844629,1.21796608,6.118844629,1.207304915,5.681740216,1.207304915,5.681740216,1.207304915,5.681740216,1.207304915,5.681740216,1.207304915,5.681740216,1.207304915,5.356436988,1.207304915,5.356436988,1.207304915,5.356436988,1.207304915,5.356436988,1.207304915,5.739052331,1.207304915
Q1-2014,0.631295126,1.404466957,0.631295126,1.434087228,0.596627861,1.434087228,0.596627861,1.454879925,0.741729691,1.454879925,0.741729691,1.424455229,0.464304246,1.424455229,0.464304246,1.429907964,0.502444321,1.429907964,0.502444321,1.429907964,0.502444321,1.429907964,0.260966509,1.429907964,0.260966509,1.429907964,0.260966509,1.429907964,0.260966509,1.429907964,0.133128152,1.429907964
Q2-2014,6.900254944,2.05286932,6.900254944,2.040775282,6.259788243,2.040775282,6.259788243,2.046732798,6.976966798,2.046732798,6.976966798,2.066122232,7.766861591,2.066122232,7.766861591,2.080343612,7.902705254,2.080343612,7.902705254,2.080343612,7.902705254,2.080343612,7.638779734,2.080343612,7.638779734,2.080343612,7.638779734,2.080343612,7.638779734,2.080343612,7.672091644,2.080343612
Q3-2014,5.968129384,1.780292102,5.968129384,1.75690355,6.730829856,1.75690355,6.730829856,1.760678094,7.142604401,1.760678094,7.142604401,1.782540363,6.923035812,1.782540363,6.923035812,1.790970139,6.791786997,1.790970139,6.791786997,1.790970139,6.791786997,1.790970139,6.582171479,1.790970139,6.582171479,1.790970139,6.582171479,1.790970139,6.582171479,1.790970139,6.68518767,1.790970139
Q4-2014,2.1585516,1.204887865,2.1585516,1.212197093,2.825217971,1.212197093,2.825217971,1.188791879,2.605356932,1.188791879,2.605356932,1.17738666,2.704638617,1.17738666,2.704638617,1.164005648,2.926454078,1.164005648,2.926454078,1.164005648,2.926454078,1.164005648,2.487199056,1.164005648,2.487199056,1.164005648,2.487199056,1.164005648,2.487199056,1.164005648,2.445148239,1.164005648
Q1-2015,0.760565408,-0.095005621,0.760565408,-0.102694093,2.082515851,-0.102694093,2.082515851,-0.0910846,3.166891715,-0.0910846,3.166891715,-0.107381601,2.992180265,-0.107381601,2.992180265,-0.127888997,3.042895059,-0.127888997,3.48411955,-0.112893163,3.48411955,-0.112893163,3.146561972,-0.112893163,3.146561972,-0.112893163,3.146561972,-0.112893163,3.146561972,-0.112893163,3.425211724,-0.112893163
Q2-2015,6.128309469,0.036732729,6.128309469,0.025622471,4.917327704,0.025622471,4.917327704,0.025199484,4.980185472,0.025199484,4.980185472,0.030541098,5.702250903,0.030541098,5.702250903,0.027722388,5.33541002,0.027722388,4.982395429,0.037010091,4.982395429,0.037010091,4.575504702,0.037010091,4.575504702,0.037010091,4.575504702,0.037010091,4.575504702,0.037010091,4.875449686,0.037010091
Q3-2015,2.731619531,0.135413699,3.311587338,0.139620076,3.22981026,0.139620076,3.22981026,0.1387317,3.006018463,0.1387317,3.006018463,0.150622705,2.432106561,0.150622705,2.432106561,0.161698962,2.779600936,0.161698962,2.746249918,0.158610961,2.746249918,0.158610961,2.513283714,0.158610961,2.513283714,0.158610961,2.513283714,0.158610961,2.513283714,0.158610961,2.692933569,0.158610961
Q4-2015,3.205126697,-0.05658585,2.336900764,0.409909809,1.79568282,0.409909809,1.79568282,0.4046903,1.312932951,0.4046903,1.312932951,0.40857731,0.508935964,0.40857731,0.508935964,0.41496345,0.133336624,0.41496345,0.685841995,0.400469982,0.685841995,0.400469982,0.549971072,0.400469982,0.549971072,0.400469982,0.549971072,0.400469982,0.549971072,0.400469982,0.730427865,0.400469982
Q1-2016,4.478629726,1.036358184,1.458393361,1.062829568,1.296951292,1.062829568,1.296951292,1.076032962,0.832917229,1.076032962,0.832917229,1.059107789,1.198701504,1.059107789,1.198701504,1.04552814,1.610832313,1.04552814,2.003098321,1.029083725,2.003098321,0.991835029,2.04975261,0.991835029,2.04975261,0.991835029,2.04975261,0.991835029,2.04975261,0.991835029,1.984666182,0.991835029
Q2-2016,4.44737249,0.659393,4.194227447,0.805502103,3.738051882,1.084312931,3.738051882,1.06979343,4.727685463,1.06979343,4.727685463,1.072270255,5.128094334,1.072270255,5.128094334,1.07538681,4.70446927,1.07538681,4.090514016,1.060516543,4.090514016,1.110032636,4.106438756,1.110032636,4.106438756,1.110032636,4.106438756,1.110032636,4.106438756,1.110032636,4.071739376,1.110032636
Q3-2016,4.668118157,0.688304311,4.563634662,1.058301847,4.431669027,1.14836603,4.97247831,1.141268225,4.18741205,1.141268225,4.18741205,1.148645523,3.453936485,1.148645523,3.453936485,1.151366266,3.687584235,1.151366266,3.588252539,1.150420775,3.588252539,1.157147562,3.56805599,1.157147562,3.56805599,1.157147562,3.56805599,1.157147562,3.56805599,1.157147562,3.924354407,1.157147562
Q4-2016,4.300167321,1.537816199,4.282432002,1.340197206,3.573354793,1.384523717,4.222626941,1.810473934,3.821282536,1.810473934,3.821282536,1.803232058,3.876392193,1.803232058,3.876392193,1.804617062,3.996265772,1.804617062,4.565096265,1.798851034,4.565096265,1.80697985,4.16640288,1.80697985,4.16640288,1.80697985,4.16640288,1.80697985,4.16640288,1.80697985,4.230950309,1.80697985
Q1-2017,4.297248098,1.68245944,4.355970458,1.91591717,3.844480743,1.922982441,3.395988283,2.57341819,3.25844826,2.57341819,3.25844826,2.565083583,3.919602273,2.565083583,3.919602273,2.544368744,4.24777881,2.544368744,4.375364695,2.542298036,4.375364695,2.550948858,3.977658276,2.550948858,3.977658276,2.58713054,3.853552439,2.58713054,3.853552439,2.58713054,4.056325275,2.58713054
Q2-2017,4.158722096,1.802543238,4.182156033,2.078230578,4.331331929,1.75346508,5.177805138,2.520409846,4.097751096,1.905273829,4.097751096,1.903513021,4.166845479,1.903513021,4.166845479,1.912011558,3.509875184,1.912011558,2.981114124,1.913089715,2.981114124,1.918552641,3.576462008,1.918552641,3.576462008,1.89058824,3.305512046,1.89058824,3.305512046,1.89058824,3.330394717,1.89058824
Q3-2017,4.374740079,1.877539618,4.307463005,2.003786283,4.844062233,1.834753938,4.230590545,2.598765068,5.205312172,1.962863912,5.309688186,1.974103575,4.815190371,1.974103575,4.815190371,1.981427065,5.375735633,1.981427065,5.004914135,1.981645224,5.004914135,1.969183538,4.970749064,1.969183538,4.970749064,1.944939334,5.440877716,1.944939334,5.440877716,1.944939334,5.329014736,1.944939334
Q4-2017,4.370185554,1.947558599,4.250355851,2.066224574,5.596870847,1.928056903,4.446727484,2.37270375,5.06537087,1.761669401,5.302114785,2.115804947,5.07130642,2.115804947,5.07130642,2.10986494,6.414536586,2.10986494,6.700700587,2.120752369,6.700700587,2.115489452,6.798529378,2.115489452,6.798529378,2.107780244,6.981864303,2.107780244,6.981864303,2.107780244,7.183176863,2.107780244
Q1-2018,,,,,5.917458834,2.012251761,4.730824739,2.126597029,4.566832006,1.553187609,4.346156271,2.25170015,4.287090165,2.25170015,4.287090165,2.222996897,4.995822986,2.222996897,6.24511979,2.219925465,6.24511979,2.22630043,5.349812549,2.22630043,5.349812549,2.221004052,5.34626773,2.221004052,5.34626773,2.248617939,5.946702271,2.248617939
Q2-2018,,,,,5.607570084,2.135558167,4.826381757,2.141588543,4.641206423,2.147958558,5.429622985,2.884637965,7.610374904,2.64674945,7.610374904,2.668824562,7.063967667,2.668824562,6.27703417,2.678365337,6.27703417,2.682643493,7.107710869,2.682643493,7.107710869,2.68761265,6.393474192,2.68761265,6.393474192,2.68679338,5.058839053,2.68679338
Q3-2018,,,,,5.548782566,2.273501418,4.96132465,2.184141484,4.530608867,2.155463229,5.083666273,2.950252503,4.931009375,2.613977633,4.914249072,2.632912424,4.754818448,2.632912424,3.750813704,2.658825096,3.750813704,2.612236358,3.291994321,2.612236358,3.291994321,2.643162228,4.309848258,2.643162228,4.309848258,2.60891663,4.301080075,2.60891663
Q4-2018,,,,,5.31244057,2.391780768,5.008275983,2.221099324,4.36008636,2.107639748,4.920166208,2.698026362,4.484203092,2.405442406,4.067462497,2.2184627,2.884740102,2.2184627,3.262074947,2.203168183,3.262074947,2.216721872,3.019657951,2.216721872,3.019657951,2.205024841,2.57664821,2.205024841,2.57664821,2.21351867,2.310997947,2.21351867
Q1-2019,,,,,,,,,4.337797937,2.066034715,4.989592682,2.397297734,4.885553538,2.137426765,3.841323244,1.629285685,3.903610301,1.629285685,3.988627535,1.621229791,3.988627535,1.607811242,3.667570969,1.607811242,3.667570969,1.620165748,3.776104102,1.620165748,3.776104102,1.641386963,3.609713149,1.641386963
Q2-2019,,,,,,,,,4.380267483,2.102072344,4.994956079,2.322104842,4.803348838,2.274611555,4.261556314,1.537463662,4.656486519,1.820053849,4.127067898,1.827546347,4.127067898,1.84881144,5.592757312,1.84881144,5.592757312,1.835799283,5.029334506,1.835799283,5.029334506,1.81148002,5.42623084,1.81148002
Q3-2019,,,,,,,,,4.305072473,2.141011009,5.026554406,2.313084146,4.871297866,2.351687094,4.563977108,1.537601579,3.52359414,1.764824232,4.005331424,1.763519522,4.005331424,1.762564828,4.115608201,1.762564828,4.115608201,1.769337399,4.967441658,1.769337399,4.967441658,1.747677996,5.916198277,1.747677996
Q4-2019,,,,,,,,,4.398594586,2.206396686,5.051469788,2.338097694,4.836684729,2.334582638,4.618075892,1.671376917,4.528690928,1.915169548,3.901037514,2.032075263,3.901037514,2.026472737,3.570592557,2.026472737,3.570592557,2.016436477,3.285005281,2.016436477,3.285005281,2.04845324,3.892669797,2.04845324
Q1-2020,,,,,,,,,,,,,4.655445225,2.328396908,4.512444862,2.0031159,4.317887342,2.248850985,-3.382030386,2.105350435,-3.382030386,2.098986646,-3.871438876,2.098986646,-3.871438876,2.102442761,-3.069087711,2.102442761,-3.069087711,2.126559701,-3.529568903,2.126559701
Q2-2020,,,,,,,,,,,,,4.49714957,2.36597752,4.373277999,2.133111895,4.185804645,2.073390412,-32.81959756,0.440489502,-32.81959756,0.430219809,-32.41034995,0.430219809,-32.41034995,0.444735189,-30.90403416,0.444735189,-30.90403416,0.429172217,-29.17297514,0.429172217
Q3-2020,,,,,,,,,,,,,4.383003365,2.378501324,4.180785886,2.192902347,4.156799782,2.16622565,38.00568046,1.253488414,38.34858193,1.2606447,38.73143835,1.2606447,38.73143835,1.253845904,40.06372897,1.253845904,40.06372897,1.231752478,39.66351821,1.231752478
Q4-2020,,,,,,,,,,,,,4.23344699,2.353461373,4.091485616,2.237493208,4.21700108,2.182270863,2.107663419,1.634575289,6.273246288,1.211253149,6.5712378,1.211253149,6.5712378,1.200094135,6.564654706,1.200094135,6.564654706,1.224176418,7.147529293,1.224176418
Q1-2021,,,,,,,,,,,,,,,,,4.207265528,2.160015529,2.181238173,1.55501218,10.71824183,1.893617021,10.8571663,1.893617021,10.8571663,1.897264176,11.70751922,1.897264176,11.70751922,1.905310217,10.8724355,1.905310217
Q2-2021,,,,,,,,,,,,,,,,,4.251152891,2.128904248,4.444237548,2.829458808,14.98010374,4.239809804,13.37794243,4.802083658,13.37794243,4.813228383,13.80323177,4.813228383,13.80323177,4.776278178,12.82520925,4.776278178
Q3-2021,,,,,,,,,,,,,,,,,4.201321006,2.0888808,5.711477289,1.949629234,11.66520714,3.776101609,8.080238389,5.287537391,8.365825776,5.290545063,9.028991414,5.290545063,9.028991414,5.264633196,9.538597561,5.264633196
Q4-2021,,,,,,,,,,,,,,,,,4.19263657,2.051090791,5.64734714,1.377475847,6.521123559,3.722480729,10.55565385,6.415765522,14.53052878,6.721251359,14.27165685,6.721251359,14.27165685,6.765891916,14.59634181,6.765891916
Q1-2022,,,,,,,,,,,,,,,,,,,4.935714218,1.557316282,4.393421869,3.35860083,7.199072768,6.556940691,6.510316746,8.00038959,6.5857962,8.00038959,6.5857962,8.023109143,6.216011562,8.023109143
Q2-2022,,,,,,,,,,,,,,,,,,,4.430263507,1.669347687,3.906968971,2.452303739,5.689386076,5.254319078,9.631261684,7.604824151,8.469638207,8.580631318,8.469638207,8.556076721,8.490608146,8.556076721
Q3-2022,,,,,,,,,,,,,,,,,,,4.558849994,1.731226951,3.451539268,2.391259665,5.226994102,4.261524976,6.328420693,6.950855442,6.735424551,8.317612173,7.748030985,8.28485993,7.241029428,8.28485993
Q4-2022,,,,,,,,,,,,,,,,,,,4.72090506,1.791888946,3.587460105,2.503273972,4.799350724,3.148644323,4.807898011,5.666537536,3.607635873,7.054658903,6.595498155,7.110821413,6.520580537,7.110821413
Q1-2023,,,,,,,,,,,,,,,,,,,,,,,4.713337159,2.675644233,5.048440555,4.43307471,3.495776686,5.608940957,5.437582525,5.769521026,6.280082627,5.769521026
Q2-2023,,,,,,,,,,,,,,,,,,,,,,,4.752126518,2.491505073,4.140701269,3.581311667,3.235610726,3.821990339,4.701518812,4.290032895,3.772899193,4.052791711
Q3-2023,,,,,,,,,,,,,,,,,,,,,,,4.782111886,2.474966464,3.090001238,3.044938358,2.960806055,3.129878416,3.268698815,3.633245505,8.545794433,3.565872934
Q4-2023,,,,,,,,,,,,,,,,,,,,,,,4.773316689,2.524966463,3.012345209,2.849427959,3.238320456,3.063185481,3.025332326,3.248389939,3.671193288,3.366624786
Q1-2024,,,,,,,,,,,,,,,,,,,,,,,,,,,3.394190114,2.833064922,3.193513341,2.922893865,3.728772804,3.12466695
Q2-2024,,,,,,,,,,,,,,,,,,,,,,,,,,,3.716678205,2.623819828,3.387005713,2.611155077,3.650001525,3.052361449
Q3-2024,,,,,,,,,,,,,,,,,,,,,,,,,,,4.277438052,2.47501254,3.676075675,2.458481487,3.809737666,2.713053422
Q4-2024,,,,,,,,,,,,,,,,,,,,,,,,,,,4.478600277,2.349924722,3.872789044,2.352119913,3.912246834,2.426777485
Q1-2025,,,,,,,,,,,,,,,,,,,,,,,,,,,,,,,3.955844353,2.270610517
Q2-2025,,,,,,,,,,,,,,,,,,,,,,,,,,,,,,,3.957923594,2.186446707
Q3-2025,,,,,,,,,,,,,,,,,,,,,,,,,,,,,,,3.921408604,2.129991287
Q4-2025,,,,,,,,,,,,,,,,,,,,,,,,,,,,,,,4.009922715,2.075663677
